-- Seed de dados para demonstracao do grafico de linhas (Entrega 9)
-- Periodo: maio/2025 a junho/2026 (14 meses)
-- Usa ON CONFLICT para ser idempotente

-- ============================================
-- USUARIO ADMIN
-- ============================================
INSERT INTO usuarios (id, nome, email, senha, role, ativo)
VALUES (1000, 'Admin Technomade', 'admin@technomade.com',
        '$2b$10$F3AHcAMYSPKVem/bul.JG.SmPq2NMkB5T963caE/mAYGW80sGIFka',
        'ADMIN', true)
ON CONFLICT (id) DO NOTHING;

-- ============================================
-- USUARIO CLIENTE + CLIENTE
-- ============================================
INSERT INTO usuarios (id, nome, email, senha, role, ativo)
VALUES (1001, 'Carlos Silva', 'carlos@teste.com',
        '$2b$10$F3AHcAMYSPKVem/bul.JG.SmPq2NMkB5T963caE/mAYGW80sGIFka',
        'CLIENTE', true)
ON CONFLICT (id) DO NOTHING;

INSERT INTO clientes (id, usuario_id, nome, email, cpf, telefone, genero, data_nascimento)
VALUES (1000, 1001, 'Carlos Silva', 'carlos@teste.com', '11111111111', '11999999999', 'MASCULINO', '1990-05-15')
ON CONFLICT (id) DO NOTHING;

-- ============================================
-- ENDERECO
-- ============================================
INSERT INTO enderecos_entrega (id, cliente_id, nome_endereco, tipo_endereco, tipo_residencia, tipo_logradouro, logradouro, numero, bairro, cep, cidade, estado, pais, observacoes)
VALUES (1000, 1000, 'Casa', 'ENTREGA', 'Casa', 'Rua', 'Rua das Flores', '100', 'Centro', '01001000', 'Sao Paulo', 'SP', 'Brasil', '')
ON CONFLICT (id) DO NOTHING;

-- ============================================
-- CARTAO
-- ============================================
INSERT INTO cartoes_credito (id, cliente_id, numero, nome_impresso, bandeira, codigo_seguranca, preferencial)
VALUES (1000, 1000, '4111111111111111', 'CARLOS SILVA', 'Visa', '123', true)
ON CONFLICT (id) DO NOTHING;

-- ============================================
-- CATEGORIAS
-- ============================================
INSERT INTO categorias (id, nome) VALUES (1000, 'Notebooks') ON CONFLICT (id) DO NOTHING;
INSERT INTO categorias (id, nome) VALUES (1001, 'Fones de Ouvido') ON CONFLICT (id) DO NOTHING;
INSERT INTO categorias (id, nome) VALUES (1002, 'Acessorios') ON CONFLICT (id) DO NOTHING;
INSERT INTO categorias (id, nome) VALUES (1003, 'Mochilas') ON CONFLICT (id) DO NOTHING;
INSERT INTO categorias (id, nome) VALUES (1004, 'Carregadores') ON CONFLICT (id) DO NOTHING;

-- ============================================
-- PRODUTOS
-- ============================================
INSERT INTO produtos (id, nome, descricao, marca, imagem_url, altura, largura, profundidade, peso, valor_custo, valor_venda, codigo_barras, ativo)
VALUES (1000, 'Notebook UltraSlim 14', 'Notebook leve para nomades digitais', 'TechNomad', 'https://via.placeholder.com/200', 1.5, 32.0, 22.0, 1.4, 3500.0, 4999.90, 'SEED-NB-001', true)
ON CONFLICT (id) DO NOTHING;

INSERT INTO produtos (id, nome, descricao, marca, imagem_url, altura, largura, profundidade, peso, valor_custo, valor_venda, codigo_barras, ativo)
VALUES (1001, 'Fone Bluetooth NoiseCut', 'Fone com cancelamento de ruido ativo', 'AudioPro', 'https://via.placeholder.com/200', 8.0, 18.0, 18.0, 0.25, 200.0, 349.90, 'SEED-FN-001', true)
ON CONFLICT (id) DO NOTHING;

INSERT INTO produtos (id, nome, descricao, marca, imagem_url, altura, largura, profundidade, peso, valor_custo, valor_venda, codigo_barras, ativo)
VALUES (1002, 'Hub USB-C 7 em 1', 'Adaptador multiportas para notebook', 'TechNomad', 'https://via.placeholder.com/200', 1.2, 10.0, 5.0, 0.08, 80.0, 149.90, 'SEED-HB-001', true)
ON CONFLICT (id) DO NOTHING;

INSERT INTO produtos (id, nome, descricao, marca, imagem_url, altura, largura, profundidade, peso, valor_custo, valor_venda, codigo_barras, ativo)
VALUES (1003, 'Mochila AntiTheft 30L', 'Mochila com compartimento para notebook e USB', 'NomadGear', 'https://via.placeholder.com/200', 48.0, 32.0, 18.0, 0.9, 150.0, 289.90, 'SEED-MC-001', true)
ON CONFLICT (id) DO NOTHING;

INSERT INTO produtos (id, nome, descricao, marca, imagem_url, altura, largura, profundidade, peso, valor_custo, valor_venda, codigo_barras, ativo)
VALUES (1004, 'Carregador GaN 65W', 'Carregador compacto GaN com 3 portas', 'PowerNomad', 'https://via.placeholder.com/200', 5.0, 5.0, 3.0, 0.12, 90.0, 179.90, 'SEED-CG-001', true)
ON CONFLICT (id) DO NOTHING;

-- ============================================
-- PRODUTO <-> CATEGORIA
-- ============================================
INSERT INTO produto_categoria (produto_id, categoria_id) VALUES (1000, 1000) ON CONFLICT DO NOTHING;
INSERT INTO produto_categoria (produto_id, categoria_id) VALUES (1001, 1001) ON CONFLICT DO NOTHING;
INSERT INTO produto_categoria (produto_id, categoria_id) VALUES (1002, 1002) ON CONFLICT DO NOTHING;
INSERT INTO produto_categoria (produto_id, categoria_id) VALUES (1003, 1003) ON CONFLICT DO NOTHING;
INSERT INTO produto_categoria (produto_id, categoria_id) VALUES (1004, 1004) ON CONFLICT DO NOTHING;

-- ============================================
-- ESTOQUE
-- ============================================
INSERT INTO estoque (id, produto_id, quantidade, fornecedor, valor_custo, ultima_entrada)
VALUES (1000, 1000, 50, 'TechDistribuidor', 3500.0, '2025-04-01 08:00:00') ON CONFLICT (id) DO NOTHING;
INSERT INTO estoque (id, produto_id, quantidade, fornecedor, valor_custo, ultima_entrada)
VALUES (1001, 1001, 100, 'AudioDistribuidor', 200.0, '2025-04-01 08:00:00') ON CONFLICT (id) DO NOTHING;
INSERT INTO estoque (id, produto_id, quantidade, fornecedor, valor_custo, ultima_entrada)
VALUES (1002, 1002, 200, 'TechDistribuidor', 80.0, '2025-04-01 08:00:00') ON CONFLICT (id) DO NOTHING;
INSERT INTO estoque (id, produto_id, quantidade, fornecedor, valor_custo, ultima_entrada)
VALUES (1003, 1003, 80, 'NomadSupply', 150.0, '2025-04-01 08:00:00') ON CONFLICT (id) DO NOTHING;
INSERT INTO estoque (id, produto_id, quantidade, fornecedor, valor_custo, ultima_entrada)
VALUES (1004, 1004, 150, 'PowerSupply', 90.0, '2025-04-01 08:00:00') ON CONFLICT (id) DO NOTHING;


-- ============================================
-- COMPRAS - 214 vendas em 14 meses (mai/2025 a jun/2026)
-- ============================================
-- Total de compras geradas: 214
INSERT INTO compras (id, cliente_id, status_compra, valor_total, frete, data_compra, data_entrega_prevista, endereco_entrega_id) VALUES (2000, 1000, 'ENTREGUE', 4999.9, 12.8, '2025-05-01 19:17:00', '2025-05-11', 1000) ON CONFLICT (id) DO NOTHING;
INSERT INTO itens_compra (id, compra_id, produto_id, quantidade, preco_unitario) VALUES (5000, 2000, 1000, 1, 4999.9) ON CONFLICT (id) DO NOTHING;
INSERT INTO pagamentos (id, compra_id, valor, forma_pagamento, data_pagamento) VALUES (6000, 2000, 4999.9, 'CARTAO_CREDITO', '2025-05-01 19:17:00') ON CONFLICT (id) DO NOTHING;
INSERT INTO compras (id, cliente_id, status_compra, valor_total, frete, data_compra, data_entrega_prevista, endereco_entrega_id) VALUES (2001, 1000, 'ENTREGUE', 349.9, 10.5, '2025-05-19 14:02:00', '2025-05-28', 1000) ON CONFLICT (id) DO NOTHING;
INSERT INTO itens_compra (id, compra_id, produto_id, quantidade, preco_unitario) VALUES (5001, 2001, 1001, 1, 349.9) ON CONFLICT (id) DO NOTHING;
INSERT INTO pagamentos (id, compra_id, valor, forma_pagamento, data_pagamento) VALUES (6001, 2001, 349.9, 'CARTAO_CREDITO', '2025-05-19 14:02:00') ON CONFLICT (id) DO NOTHING;
INSERT INTO compras (id, cliente_id, status_compra, valor_total, frete, data_compra, data_entrega_prevista, endereco_entrega_id) VALUES (2002, 1000, 'ENTREGUE', 2209.3, 12.3, '2025-05-18 11:45:00', '2025-05-28', 1000) ON CONFLICT (id) DO NOTHING;
INSERT INTO itens_compra (id, compra_id, produto_id, quantidade, preco_unitario) VALUES (5002, 2002, 1003, 4, 289.9) ON CONFLICT (id) DO NOTHING;
INSERT INTO itens_compra (id, compra_id, produto_id, quantidade, preco_unitario) VALUES (5003, 2002, 1001, 3, 349.9) ON CONFLICT (id) DO NOTHING;
INSERT INTO pagamentos (id, compra_id, valor, forma_pagamento, data_pagamento) VALUES (6002, 2002, 2209.3, 'CARTAO_CREDITO', '2025-05-18 11:45:00') ON CONFLICT (id) DO NOTHING;
INSERT INTO compras (id, cliente_id, status_compra, valor_total, frete, data_compra, data_entrega_prevista, endereco_entrega_id) VALUES (2003, 1000, 'ENTREGUE', 659.6, 10.4, '2025-05-26 08:48:00', '2025-05-28', 1000) ON CONFLICT (id) DO NOTHING;
INSERT INTO itens_compra (id, compra_id, produto_id, quantidade, preco_unitario) VALUES (5004, 2003, 1002, 2, 149.9) ON CONFLICT (id) DO NOTHING;
INSERT INTO itens_compra (id, compra_id, produto_id, quantidade, preco_unitario) VALUES (5005, 2003, 1004, 2, 179.9) ON CONFLICT (id) DO NOTHING;
INSERT INTO pagamentos (id, compra_id, valor, forma_pagamento, data_pagamento) VALUES (6003, 2003, 659.6, 'CARTAO_CREDITO', '2025-05-26 08:48:00') ON CONFLICT (id) DO NOTHING;
INSERT INTO compras (id, cliente_id, status_compra, valor_total, frete, data_compra, data_entrega_prevista, endereco_entrega_id) VALUES (2004, 1000, 'ENTREGUE', 449.7, 10.16, '2025-05-25 13:06:00', '2025-05-28', 1000) ON CONFLICT (id) DO NOTHING;
INSERT INTO itens_compra (id, compra_id, produto_id, quantidade, preco_unitario) VALUES (5006, 2004, 1002, 3, 149.9) ON CONFLICT (id) DO NOTHING;
INSERT INTO pagamentos (id, compra_id, valor, forma_pagamento, data_pagamento) VALUES (6004, 2004, 449.7, 'CARTAO_CREDITO', '2025-05-25 13:06:00') ON CONFLICT (id) DO NOTHING;
INSERT INTO compras (id, cliente_id, status_compra, valor_total, frete, data_compra, data_entrega_prevista, endereco_entrega_id) VALUES (2005, 1000, 'ENTREGUE', 5719.5, 13.04, '2025-05-20 12:51:00', '2025-05-28', 1000) ON CONFLICT (id) DO NOTHING;
INSERT INTO itens_compra (id, compra_id, produto_id, quantidade, preco_unitario) VALUES (5007, 2005, 1004, 4, 179.9) ON CONFLICT (id) DO NOTHING;
INSERT INTO itens_compra (id, compra_id, produto_id, quantidade, preco_unitario) VALUES (5008, 2005, 1000, 1, 4999.9) ON CONFLICT (id) DO NOTHING;
INSERT INTO pagamentos (id, compra_id, valor, forma_pagamento, data_pagamento) VALUES (6005, 2005, 5719.5, 'CARTAO_CREDITO', '2025-05-20 12:51:00') ON CONFLICT (id) DO NOTHING;
INSERT INTO compras (id, cliente_id, status_compra, valor_total, frete, data_compra, data_entrega_prevista, endereco_entrega_id) VALUES (2006, 1000, 'ENTREGUE', 499.8, 10.66, '2025-05-18 12:53:00', '2025-05-28', 1000) ON CONFLICT (id) DO NOTHING;
INSERT INTO itens_compra (id, compra_id, produto_id, quantidade, preco_unitario) VALUES (5009, 2006, 1002, 1, 149.9) ON CONFLICT (id) DO NOTHING;
INSERT INTO itens_compra (id, compra_id, produto_id, quantidade, preco_unitario) VALUES (5010, 2006, 1001, 1, 349.9) ON CONFLICT (id) DO NOTHING;
INSERT INTO pagamentos (id, compra_id, valor, forma_pagamento, data_pagamento) VALUES (6006, 2006, 499.8, 'CARTAO_CREDITO', '2025-05-18 12:53:00') ON CONFLICT (id) DO NOTHING;
INSERT INTO compras (id, cliente_id, status_compra, valor_total, frete, data_compra, data_entrega_prevista, endereco_entrega_id) VALUES (2007, 1000, 'ENTREGUE', 21589.0, 13.54, '2025-05-22 11:49:00', '2025-05-28', 1000) ON CONFLICT (id) DO NOTHING;
INSERT INTO itens_compra (id, compra_id, produto_id, quantidade, preco_unitario) VALUES (5011, 2007, 1001, 3, 349.9) ON CONFLICT (id) DO NOTHING;
INSERT INTO itens_compra (id, compra_id, produto_id, quantidade, preco_unitario) VALUES (5012, 2007, 1000, 4, 4999.9) ON CONFLICT (id) DO NOTHING;
INSERT INTO itens_compra (id, compra_id, produto_id, quantidade, preco_unitario) VALUES (5013, 2007, 1004, 3, 179.9) ON CONFLICT (id) DO NOTHING;
INSERT INTO pagamentos (id, compra_id, valor, forma_pagamento, data_pagamento) VALUES (6007, 2007, 21589.0, 'CARTAO_CREDITO', '2025-05-22 11:49:00') ON CONFLICT (id) DO NOTHING;
INSERT INTO compras (id, cliente_id, status_compra, valor_total, frete, data_compra, data_entrega_prevista, endereco_entrega_id) VALUES (2008, 1000, 'ENTREGUE', 10699.6, 13.3, '2025-05-06 13:22:00', '2025-05-16', 1000) ON CONFLICT (id) DO NOTHING;
INSERT INTO itens_compra (id, compra_id, produto_id, quantidade, preco_unitario) VALUES (5014, 2008, 1000, 2, 4999.9) ON CONFLICT (id) DO NOTHING;
INSERT INTO itens_compra (id, compra_id, produto_id, quantidade, preco_unitario) VALUES (5015, 2008, 1001, 2, 349.9) ON CONFLICT (id) DO NOTHING;
INSERT INTO pagamentos (id, compra_id, valor, forma_pagamento, data_pagamento) VALUES (6008, 2008, 10699.6, 'CARTAO_CREDITO', '2025-05-06 13:22:00') ON CONFLICT (id) DO NOTHING;
INSERT INTO compras (id, cliente_id, status_compra, valor_total, frete, data_compra, data_entrega_prevista, endereco_entrega_id) VALUES (2009, 1000, 'ENTREGUE', 649.7, 10.66, '2025-05-15 14:17:00', '2025-05-25', 1000) ON CONFLICT (id) DO NOTHING;
INSERT INTO itens_compra (id, compra_id, produto_id, quantidade, preco_unitario) VALUES (5016, 2009, 1001, 1, 349.9) ON CONFLICT (id) DO NOTHING;
INSERT INTO itens_compra (id, compra_id, produto_id, quantidade, preco_unitario) VALUES (5017, 2009, 1002, 2, 149.9) ON CONFLICT (id) DO NOTHING;
INSERT INTO pagamentos (id, compra_id, valor, forma_pagamento, data_pagamento) VALUES (6009, 2009, 649.7, 'CARTAO_CREDITO', '2025-05-15 14:17:00') ON CONFLICT (id) DO NOTHING;
INSERT INTO compras (id, cliente_id, status_compra, valor_total, frete, data_compra, data_entrega_prevista, endereco_entrega_id) VALUES (2010, 1000, 'ENTREGUE', 9999.8, 12.8, '2025-05-27 08:51:00', '2025-05-28', 1000) ON CONFLICT (id) DO NOTHING;
INSERT INTO itens_compra (id, compra_id, produto_id, quantidade, preco_unitario) VALUES (5018, 2010, 1000, 2, 4999.9) ON CONFLICT (id) DO NOTHING;
INSERT INTO pagamentos (id, compra_id, valor, forma_pagamento, data_pagamento) VALUES (6010, 2010, 9999.8, 'CARTAO_CREDITO', '2025-05-27 08:51:00') ON CONFLICT (id) DO NOTHING;
INSERT INTO compras (id, cliente_id, status_compra, valor_total, frete, data_compra, data_entrega_prevista, endereco_entrega_id) VALUES (2011, 1000, 'ENTREGUE', 1119.5, 12.04, '2025-05-19 19:20:00', '2025-05-28', 1000) ON CONFLICT (id) DO NOTHING;
INSERT INTO itens_compra (id, compra_id, produto_id, quantidade, preco_unitario) VALUES (5019, 2011, 1003, 2, 289.9) ON CONFLICT (id) DO NOTHING;
INSERT INTO itens_compra (id, compra_id, produto_id, quantidade, preco_unitario) VALUES (5020, 2011, 1004, 3, 179.9) ON CONFLICT (id) DO NOTHING;
INSERT INTO pagamentos (id, compra_id, valor, forma_pagamento, data_pagamento) VALUES (6011, 2011, 1119.5, 'CARTAO_CREDITO', '2025-05-19 19:20:00') ON CONFLICT (id) DO NOTHING;
INSERT INTO compras (id, cliente_id, status_compra, valor_total, frete, data_compra, data_entrega_prevista, endereco_entrega_id) VALUES (2012, 1000, 'ENTREGUE', 1589.3, 12.04, '2025-05-05 11:47:00', '2025-05-15', 1000) ON CONFLICT (id) DO NOTHING;
INSERT INTO itens_compra (id, compra_id, produto_id, quantidade, preco_unitario) VALUES (5021, 2012, 1004, 4, 179.9) ON CONFLICT (id) DO NOTHING;
INSERT INTO itens_compra (id, compra_id, produto_id, quantidade, preco_unitario) VALUES (5022, 2012, 1003, 3, 289.9) ON CONFLICT (id) DO NOTHING;
INSERT INTO pagamentos (id, compra_id, valor, forma_pagamento, data_pagamento) VALUES (6012, 2012, 1589.3, 'CARTAO_CREDITO', '2025-05-05 11:47:00') ON CONFLICT (id) DO NOTHING;
INSERT INTO compras (id, cliente_id, status_compra, valor_total, frete, data_compra, data_entrega_prevista, endereco_entrega_id) VALUES (2013, 1000, 'ENTREGUE', 4999.9, 12.8, '2025-05-08 10:32:00', '2025-05-18', 1000) ON CONFLICT (id) DO NOTHING;
INSERT INTO itens_compra (id, compra_id, produto_id, quantidade, preco_unitario) VALUES (5023, 2013, 1000, 1, 4999.9) ON CONFLICT (id) DO NOTHING;
INSERT INTO pagamentos (id, compra_id, valor, forma_pagamento, data_pagamento) VALUES (6013, 2013, 4999.9, 'CARTAO_CREDITO', '2025-05-08 10:32:00') ON CONFLICT (id) DO NOTHING;
INSERT INTO compras (id, cliente_id, status_compra, valor_total, frete, data_compra, data_entrega_prevista, endereco_entrega_id) VALUES (2014, 1000, 'APROVADA', 19999.6, 12.8, '2025-06-21 10:50:00', '2025-06-28', 1000) ON CONFLICT (id) DO NOTHING;
INSERT INTO itens_compra (id, compra_id, produto_id, quantidade, preco_unitario) VALUES (5024, 2014, 1000, 4, 4999.9) ON CONFLICT (id) DO NOTHING;
INSERT INTO pagamentos (id, compra_id, valor, forma_pagamento, data_pagamento) VALUES (6014, 2014, 19999.6, 'CARTAO_CREDITO', '2025-06-21 10:50:00') ON CONFLICT (id) DO NOTHING;
INSERT INTO compras (id, cliente_id, status_compra, valor_total, frete, data_compra, data_entrega_prevista, endereco_entrega_id) VALUES (2015, 1000, 'ENTREGUE', 179.9, 10.24, '2025-06-13 17:29:00', '2025-06-23', 1000) ON CONFLICT (id) DO NOTHING;
INSERT INTO itens_compra (id, compra_id, produto_id, quantidade, preco_unitario) VALUES (5025, 2015, 1004, 1, 179.9) ON CONFLICT (id) DO NOTHING;
INSERT INTO pagamentos (id, compra_id, valor, forma_pagamento, data_pagamento) VALUES (6015, 2015, 179.9, 'CARTAO_CREDITO', '2025-06-13 17:29:00') ON CONFLICT (id) DO NOTHING;
INSERT INTO compras (id, cliente_id, status_compra, valor_total, frete, data_compra, data_entrega_prevista, endereco_entrega_id) VALUES (2016, 1000, 'APROVADA', 11169.1, 13.2, '2025-06-22 19:07:00', '2025-06-28', 1000) ON CONFLICT (id) DO NOTHING;
INSERT INTO itens_compra (id, compra_id, produto_id, quantidade, preco_unitario) VALUES (5026, 2016, 1002, 3, 149.9) ON CONFLICT (id) DO NOTHING;
INSERT INTO itens_compra (id, compra_id, produto_id, quantidade, preco_unitario) VALUES (5027, 2016, 1004, 4, 179.9) ON CONFLICT (id) DO NOTHING;
INSERT INTO itens_compra (id, compra_id, produto_id, quantidade, preco_unitario) VALUES (5028, 2016, 1000, 2, 4999.9) ON CONFLICT (id) DO NOTHING;
INSERT INTO pagamentos (id, compra_id, valor, forma_pagamento, data_pagamento) VALUES (6016, 2016, 11169.1, 'CARTAO_CREDITO', '2025-06-22 19:07:00') ON CONFLICT (id) DO NOTHING;
INSERT INTO compras (id, cliente_id, status_compra, valor_total, frete, data_compra, data_entrega_prevista, endereco_entrega_id) VALUES (2017, 1000, 'APROVADA', 359.8, 10.24, '2025-06-15 08:46:00', '2025-06-25', 1000) ON CONFLICT (id) DO NOTHING;
INSERT INTO itens_compra (id, compra_id, produto_id, quantidade, preco_unitario) VALUES (5029, 2017, 1004, 2, 179.9) ON CONFLICT (id) DO NOTHING;
INSERT INTO pagamentos (id, compra_id, valor, forma_pagamento, data_pagamento) VALUES (6017, 2017, 359.8, 'CARTAO_CREDITO', '2025-06-15 08:46:00') ON CONFLICT (id) DO NOTHING;
INSERT INTO compras (id, cliente_id, status_compra, valor_total, frete, data_compra, data_entrega_prevista, endereco_entrega_id) VALUES (2018, 1000, 'ENTREGUE', 359.8, 10.24, '2025-06-17 09:55:00', '2025-06-27', 1000) ON CONFLICT (id) DO NOTHING;
INSERT INTO itens_compra (id, compra_id, produto_id, quantidade, preco_unitario) VALUES (5030, 2018, 1004, 2, 179.9) ON CONFLICT (id) DO NOTHING;
INSERT INTO pagamentos (id, compra_id, valor, forma_pagamento, data_pagamento) VALUES (6018, 2018, 359.8, 'CARTAO_CREDITO', '2025-06-17 09:55:00') ON CONFLICT (id) DO NOTHING;
INSERT INTO compras (id, cliente_id, status_compra, valor_total, frete, data_compra, data_entrega_prevista, endereco_entrega_id) VALUES (2019, 1000, 'ENTREGUE', 20539.3, 13.04, '2025-06-05 13:48:00', '2025-06-15', 1000) ON CONFLICT (id) DO NOTHING;
INSERT INTO itens_compra (id, compra_id, produto_id, quantidade, preco_unitario) VALUES (5031, 2019, 1004, 3, 179.9) ON CONFLICT (id) DO NOTHING;
INSERT INTO itens_compra (id, compra_id, produto_id, quantidade, preco_unitario) VALUES (5032, 2019, 1000, 4, 4999.9) ON CONFLICT (id) DO NOTHING;
INSERT INTO pagamentos (id, compra_id, valor, forma_pagamento, data_pagamento) VALUES (6019, 2019, 20539.3, 'CARTAO_CREDITO', '2025-06-05 13:48:00') ON CONFLICT (id) DO NOTHING;
INSERT INTO compras (id, cliente_id, status_compra, valor_total, frete, data_compra, data_entrega_prevista, endereco_entrega_id) VALUES (2020, 1000, 'ENTREGUE', 5649.6, 13.46, '2025-06-01 09:59:00', '2025-06-11', 1000) ON CONFLICT (id) DO NOTHING;
INSERT INTO itens_compra (id, compra_id, produto_id, quantidade, preco_unitario) VALUES (5033, 2020, 1002, 2, 149.9) ON CONFLICT (id) DO NOTHING;
INSERT INTO itens_compra (id, compra_id, produto_id, quantidade, preco_unitario) VALUES (5034, 2020, 1001, 1, 349.9) ON CONFLICT (id) DO NOTHING;
INSERT INTO itens_compra (id, compra_id, produto_id, quantidade, preco_unitario) VALUES (5035, 2020, 1000, 1, 4999.9) ON CONFLICT (id) DO NOTHING;
INSERT INTO pagamentos (id, compra_id, valor, forma_pagamento, data_pagamento) VALUES (6020, 2020, 5649.6, 'CARTAO_CREDITO', '2025-06-01 09:59:00') ON CONFLICT (id) DO NOTHING;
INSERT INTO compras (id, cliente_id, status_compra, valor_total, frete, data_compra, data_entrega_prevista, endereco_entrega_id) VALUES (2021, 1000, 'ENTREGUE', 16419.1, 13.54, '2025-06-24 15:52:00', '2025-06-28', 1000) ON CONFLICT (id) DO NOTHING;
INSERT INTO itens_compra (id, compra_id, produto_id, quantidade, preco_unitario) VALUES (5036, 2021, 1004, 4, 179.9) ON CONFLICT (id) DO NOTHING;
INSERT INTO itens_compra (id, compra_id, produto_id, quantidade, preco_unitario) VALUES (5037, 2021, 1001, 2, 349.9) ON CONFLICT (id) DO NOTHING;
INSERT INTO itens_compra (id, compra_id, produto_id, quantidade, preco_unitario) VALUES (5038, 2021, 1000, 3, 4999.9) ON CONFLICT (id) DO NOTHING;
INSERT INTO pagamentos (id, compra_id, valor, forma_pagamento, data_pagamento) VALUES (6021, 2021, 16419.1, 'CARTAO_CREDITO', '2025-06-24 15:52:00') ON CONFLICT (id) DO NOTHING;
INSERT INTO compras (id, cliente_id, status_compra, valor_total, frete, data_compra, data_entrega_prevista, endereco_entrega_id) VALUES (2022, 1000, 'ENTREGUE', 2368.9, 10.9, '2025-06-17 17:27:00', '2025-06-27', 1000) ON CONFLICT (id) DO NOTHING;
INSERT INTO itens_compra (id, compra_id, produto_id, quantidade, preco_unitario) VALUES (5039, 2022, 1001, 3, 349.9) ON CONFLICT (id) DO NOTHING;
INSERT INTO itens_compra (id, compra_id, produto_id, quantidade, preco_unitario) VALUES (5040, 2022, 1002, 4, 149.9) ON CONFLICT (id) DO NOTHING;
INSERT INTO itens_compra (id, compra_id, produto_id, quantidade, preco_unitario) VALUES (5041, 2022, 1004, 4, 179.9) ON CONFLICT (id) DO NOTHING;
INSERT INTO pagamentos (id, compra_id, valor, forma_pagamento, data_pagamento) VALUES (6022, 2022, 2368.9, 'CARTAO_CREDITO', '2025-06-17 17:27:00') ON CONFLICT (id) DO NOTHING;
INSERT INTO compras (id, cliente_id, status_compra, valor_total, frete, data_compra, data_entrega_prevista, endereco_entrega_id) VALUES (2023, 1000, 'ENTREGUE', 359.8, 10.24, '2025-06-04 11:14:00', '2025-06-14', 1000) ON CONFLICT (id) DO NOTHING;
INSERT INTO itens_compra (id, compra_id, produto_id, quantidade, preco_unitario) VALUES (5042, 2023, 1004, 2, 179.9) ON CONFLICT (id) DO NOTHING;
INSERT INTO pagamentos (id, compra_id, valor, forma_pagamento, data_pagamento) VALUES (6023, 2023, 359.8, 'CARTAO_CREDITO', '2025-06-04 11:14:00') ON CONFLICT (id) DO NOTHING;
INSERT INTO compras (id, cliente_id, status_compra, valor_total, frete, data_compra, data_entrega_prevista, endereco_entrega_id) VALUES (2024, 1000, 'ENTREGUE', 5349.8, 13.3, '2025-06-19 11:00:00', '2025-06-28', 1000) ON CONFLICT (id) DO NOTHING;
INSERT INTO itens_compra (id, compra_id, produto_id, quantidade, preco_unitario) VALUES (5043, 2024, 1000, 1, 4999.9) ON CONFLICT (id) DO NOTHING;
INSERT INTO itens_compra (id, compra_id, produto_id, quantidade, preco_unitario) VALUES (5044, 2024, 1001, 1, 349.9) ON CONFLICT (id) DO NOTHING;
INSERT INTO pagamentos (id, compra_id, valor, forma_pagamento, data_pagamento) VALUES (6024, 2024, 5349.8, 'CARTAO_CREDITO', '2025-06-19 11:00:00') ON CONFLICT (id) DO NOTHING;
INSERT INTO compras (id, cliente_id, status_compra, valor_total, frete, data_compra, data_entrega_prevista, endereco_entrega_id) VALUES (2025, 1000, 'ENTREGUE', 579.8, 11.8, '2025-06-28 13:04:00', '2025-06-28', 1000) ON CONFLICT (id) DO NOTHING;
INSERT INTO itens_compra (id, compra_id, produto_id, quantidade, preco_unitario) VALUES (5045, 2025, 1003, 2, 289.9) ON CONFLICT (id) DO NOTHING;
INSERT INTO pagamentos (id, compra_id, valor, forma_pagamento, data_pagamento) VALUES (6025, 2025, 579.8, 'CARTAO_CREDITO', '2025-06-28 13:04:00') ON CONFLICT (id) DO NOTHING;
INSERT INTO compras (id, cliente_id, status_compra, valor_total, frete, data_compra, data_entrega_prevista, endereco_entrega_id) VALUES (2026, 1000, 'ENTREGUE', 1979.4, 12.3, '2025-06-18 10:46:00', '2025-06-28', 1000) ON CONFLICT (id) DO NOTHING;
INSERT INTO itens_compra (id, compra_id, produto_id, quantidade, preco_unitario) VALUES (5046, 2026, 1001, 4, 349.9) ON CONFLICT (id) DO NOTHING;
INSERT INTO itens_compra (id, compra_id, produto_id, quantidade, preco_unitario) VALUES (5047, 2026, 1003, 2, 289.9) ON CONFLICT (id) DO NOTHING;
INSERT INTO pagamentos (id, compra_id, valor, forma_pagamento, data_pagamento) VALUES (6026, 2026, 1979.4, 'CARTAO_CREDITO', '2025-06-18 10:46:00') ON CONFLICT (id) DO NOTHING;
INSERT INTO compras (id, cliente_id, status_compra, valor_total, frete, data_compra, data_entrega_prevista, endereco_entrega_id) VALUES (2027, 1000, 'ENTREGUE', 1159.6, 11.8, '2025-06-04 09:42:00', '2025-06-14', 1000) ON CONFLICT (id) DO NOTHING;
INSERT INTO itens_compra (id, compra_id, produto_id, quantidade, preco_unitario) VALUES (5048, 2027, 1003, 4, 289.9) ON CONFLICT (id) DO NOTHING;
INSERT INTO pagamentos (id, compra_id, valor, forma_pagamento, data_pagamento) VALUES (6027, 2027, 1159.6, 'CARTAO_CREDITO', '2025-06-04 09:42:00') ON CONFLICT (id) DO NOTHING;
INSERT INTO compras (id, cliente_id, status_compra, valor_total, frete, data_compra, data_entrega_prevista, endereco_entrega_id) VALUES (2028, 1000, 'APROVADA', 20539.3, 13.04, '2025-06-28 19:03:00', '2025-06-28', 1000) ON CONFLICT (id) DO NOTHING;
INSERT INTO itens_compra (id, compra_id, produto_id, quantidade, preco_unitario) VALUES (5049, 2028, 1000, 4, 4999.9) ON CONFLICT (id) DO NOTHING;
INSERT INTO itens_compra (id, compra_id, produto_id, quantidade, preco_unitario) VALUES (5050, 2028, 1004, 3, 179.9) ON CONFLICT (id) DO NOTHING;
INSERT INTO pagamentos (id, compra_id, valor, forma_pagamento, data_pagamento) VALUES (6028, 2028, 20539.3, 'CARTAO_CREDITO', '2025-06-28 19:03:00') ON CONFLICT (id) DO NOTHING;
INSERT INTO compras (id, cliente_id, status_compra, valor_total, frete, data_compra, data_entrega_prevista, endereco_entrega_id) VALUES (2029, 1000, 'ENTREGUE', 579.8, 11.8, '2025-07-08 11:12:00', '2025-07-18', 1000) ON CONFLICT (id) DO NOTHING;
INSERT INTO itens_compra (id, compra_id, produto_id, quantidade, preco_unitario) VALUES (5051, 2029, 1003, 2, 289.9) ON CONFLICT (id) DO NOTHING;
INSERT INTO pagamentos (id, compra_id, valor, forma_pagamento, data_pagamento) VALUES (6029, 2029, 579.8, 'CARTAO_CREDITO', '2025-07-08 11:12:00') ON CONFLICT (id) DO NOTHING;
INSERT INTO compras (id, cliente_id, status_compra, valor_total, frete, data_compra, data_entrega_prevista, endereco_entrega_id) VALUES (2030, 1000, 'ENTREGUE', 179.9, 10.24, '2025-07-09 15:15:00', '2025-07-19', 1000) ON CONFLICT (id) DO NOTHING;
INSERT INTO itens_compra (id, compra_id, produto_id, quantidade, preco_unitario) VALUES (5052, 2030, 1004, 1, 179.9) ON CONFLICT (id) DO NOTHING;
INSERT INTO pagamentos (id, compra_id, valor, forma_pagamento, data_pagamento) VALUES (6030, 2030, 179.9, 'CARTAO_CREDITO', '2025-07-09 15:15:00') ON CONFLICT (id) DO NOTHING;
INSERT INTO compras (id, cliente_id, status_compra, valor_total, frete, data_compra, data_entrega_prevista, endereco_entrega_id) VALUES (2031, 1000, 'ENTREGUE', 2699.0, 12.54, '2025-07-02 18:34:00', '2025-07-12', 1000) ON CONFLICT (id) DO NOTHING;
INSERT INTO itens_compra (id, compra_id, produto_id, quantidade, preco_unitario) VALUES (5053, 2031, 1001, 4, 349.9) ON CONFLICT (id) DO NOTHING;
INSERT INTO itens_compra (id, compra_id, produto_id, quantidade, preco_unitario) VALUES (5054, 2031, 1004, 4, 179.9) ON CONFLICT (id) DO NOTHING;
INSERT INTO itens_compra (id, compra_id, produto_id, quantidade, preco_unitario) VALUES (5055, 2031, 1003, 2, 289.9) ON CONFLICT (id) DO NOTHING;
INSERT INTO pagamentos (id, compra_id, valor, forma_pagamento, data_pagamento) VALUES (6031, 2031, 2699.0, 'CARTAO_CREDITO', '2025-07-02 18:34:00') ON CONFLICT (id) DO NOTHING;
INSERT INTO compras (id, cliente_id, status_compra, valor_total, frete, data_compra, data_entrega_prevista, endereco_entrega_id) VALUES (2032, 1000, 'ENTREGUE', 19999.6, 12.8, '2025-07-28 14:57:00', '2025-07-28', 1000) ON CONFLICT (id) DO NOTHING;
INSERT INTO itens_compra (id, compra_id, produto_id, quantidade, preco_unitario) VALUES (5056, 2032, 1000, 4, 4999.9) ON CONFLICT (id) DO NOTHING;
INSERT INTO pagamentos (id, compra_id, valor, forma_pagamento, data_pagamento) VALUES (6032, 2032, 19999.6, 'CARTAO_CREDITO', '2025-07-28 14:57:00') ON CONFLICT (id) DO NOTHING;
INSERT INTO compras (id, cliente_id, status_compra, valor_total, frete, data_compra, data_entrega_prevista, endereco_entrega_id) VALUES (2033, 1000, 'ENTREGUE', 719.6, 10.24, '2025-07-09 20:50:00', '2025-07-19', 1000) ON CONFLICT (id) DO NOTHING;
INSERT INTO itens_compra (id, compra_id, produto_id, quantidade, preco_unitario) VALUES (5057, 2033, 1004, 4, 179.9) ON CONFLICT (id) DO NOTHING;
INSERT INTO pagamentos (id, compra_id, valor, forma_pagamento, data_pagamento) VALUES (6033, 2033, 719.6, 'CARTAO_CREDITO', '2025-07-09 20:50:00') ON CONFLICT (id) DO NOTHING;
INSERT INTO compras (id, cliente_id, status_compra, valor_total, frete, data_compra, data_entrega_prevista, endereco_entrega_id) VALUES (2034, 1000, 'ENTREGUE', 5689.5, 13.2, '2025-07-05 11:18:00', '2025-07-15', 1000) ON CONFLICT (id) DO NOTHING;
INSERT INTO itens_compra (id, compra_id, produto_id, quantidade, preco_unitario) VALUES (5058, 2034, 1004, 3, 179.9) ON CONFLICT (id) DO NOTHING;
INSERT INTO itens_compra (id, compra_id, produto_id, quantidade, preco_unitario) VALUES (5059, 2034, 1000, 1, 4999.9) ON CONFLICT (id) DO NOTHING;
INSERT INTO itens_compra (id, compra_id, produto_id, quantidade, preco_unitario) VALUES (5060, 2034, 1002, 1, 149.9) ON CONFLICT (id) DO NOTHING;
INSERT INTO pagamentos (id, compra_id, valor, forma_pagamento, data_pagamento) VALUES (6034, 2034, 5689.5, 'CARTAO_CREDITO', '2025-07-05 11:18:00') ON CONFLICT (id) DO NOTHING;
INSERT INTO compras (id, cliente_id, status_compra, valor_total, frete, data_compra, data_entrega_prevista, endereco_entrega_id) VALUES (2035, 1000, 'ENTREGUE', 179.9, 10.24, '2025-07-19 15:32:00', '2025-07-28', 1000) ON CONFLICT (id) DO NOTHING;
INSERT INTO itens_compra (id, compra_id, produto_id, quantidade, preco_unitario) VALUES (5061, 2035, 1004, 1, 179.9) ON CONFLICT (id) DO NOTHING;
INSERT INTO pagamentos (id, compra_id, valor, forma_pagamento, data_pagamento) VALUES (6035, 2035, 179.9, 'CARTAO_CREDITO', '2025-07-19 15:32:00') ON CONFLICT (id) DO NOTHING;
INSERT INTO compras (id, cliente_id, status_compra, valor_total, frete, data_compra, data_entrega_prevista, endereco_entrega_id) VALUES (2036, 1000, 'ENTREGUE', 1399.6, 10.5, '2025-07-28 10:04:00', '2025-07-28', 1000) ON CONFLICT (id) DO NOTHING;
INSERT INTO itens_compra (id, compra_id, produto_id, quantidade, preco_unitario) VALUES (5062, 2036, 1001, 4, 349.9) ON CONFLICT (id) DO NOTHING;
INSERT INTO pagamentos (id, compra_id, valor, forma_pagamento, data_pagamento) VALUES (6036, 2036, 1399.6, 'CARTAO_CREDITO', '2025-07-28 10:04:00') ON CONFLICT (id) DO NOTHING;
INSERT INTO compras (id, cliente_id, status_compra, valor_total, frete, data_compra, data_entrega_prevista, endereco_entrega_id) VALUES (2037, 1000, 'ENTREGUE', 15719.3, 13.04, '2025-07-04 17:15:00', '2025-07-14', 1000) ON CONFLICT (id) DO NOTHING;
INSERT INTO itens_compra (id, compra_id, produto_id, quantidade, preco_unitario) VALUES (5063, 2037, 1004, 4, 179.9) ON CONFLICT (id) DO NOTHING;
INSERT INTO itens_compra (id, compra_id, produto_id, quantidade, preco_unitario) VALUES (5064, 2037, 1000, 3, 4999.9) ON CONFLICT (id) DO NOTHING;
INSERT INTO pagamentos (id, compra_id, valor, forma_pagamento, data_pagamento) VALUES (6037, 2037, 15719.3, 'CARTAO_CREDITO', '2025-07-04 17:15:00') ON CONFLICT (id) DO NOTHING;
INSERT INTO compras (id, cliente_id, status_compra, valor_total, frete, data_compra, data_entrega_prevista, endereco_entrega_id) VALUES (2038, 1000, 'APROVADA', 599.6, 10.16, '2025-07-09 11:42:00', '2025-07-19', 1000) ON CONFLICT (id) DO NOTHING;
INSERT INTO itens_compra (id, compra_id, produto_id, quantidade, preco_unitario) VALUES (5065, 2038, 1002, 4, 149.9) ON CONFLICT (id) DO NOTHING;
INSERT INTO pagamentos (id, compra_id, valor, forma_pagamento, data_pagamento) VALUES (6038, 2038, 599.6, 'CARTAO_CREDITO', '2025-07-09 11:42:00') ON CONFLICT (id) DO NOTHING;
INSERT INTO compras (id, cliente_id, status_compra, valor_total, frete, data_compra, data_entrega_prevista, endereco_entrega_id) VALUES (2039, 1000, 'ENTREGUE', 4999.9, 12.8, '2025-07-05 18:41:00', '2025-07-15', 1000) ON CONFLICT (id) DO NOTHING;
INSERT INTO itens_compra (id, compra_id, produto_id, quantidade, preco_unitario) VALUES (5066, 2039, 1000, 1, 4999.9) ON CONFLICT (id) DO NOTHING;
INSERT INTO pagamentos (id, compra_id, valor, forma_pagamento, data_pagamento) VALUES (6039, 2039, 4999.9, 'CARTAO_CREDITO', '2025-07-05 18:41:00') ON CONFLICT (id) DO NOTHING;
INSERT INTO compras (id, cliente_id, status_compra, valor_total, frete, data_compra, data_entrega_prevista, endereco_entrega_id) VALUES (2040, 1000, 'ENTREGUE', 1049.7, 10.5, '2025-07-15 17:36:00', '2025-07-25', 1000) ON CONFLICT (id) DO NOTHING;
INSERT INTO itens_compra (id, compra_id, produto_id, quantidade, preco_unitario) VALUES (5067, 2040, 1001, 3, 349.9) ON CONFLICT (id) DO NOTHING;
INSERT INTO pagamentos (id, compra_id, valor, forma_pagamento, data_pagamento) VALUES (6040, 2040, 1049.7, 'CARTAO_CREDITO', '2025-07-15 17:36:00') ON CONFLICT (id) DO NOTHING;
INSERT INTO compras (id, cliente_id, status_compra, valor_total, frete, data_compra, data_entrega_prevista, endereco_entrega_id) VALUES (2041, 1000, 'ENTREGUE', 6139.2, 13.2, '2025-07-05 13:56:00', '2025-07-15', 1000) ON CONFLICT (id) DO NOTHING;
INSERT INTO itens_compra (id, compra_id, produto_id, quantidade, preco_unitario) VALUES (5068, 2041, 1002, 4, 149.9) ON CONFLICT (id) DO NOTHING;
INSERT INTO itens_compra (id, compra_id, produto_id, quantidade, preco_unitario) VALUES (5069, 2041, 1004, 3, 179.9) ON CONFLICT (id) DO NOTHING;
INSERT INTO itens_compra (id, compra_id, produto_id, quantidade, preco_unitario) VALUES (5070, 2041, 1000, 1, 4999.9) ON CONFLICT (id) DO NOTHING;
INSERT INTO pagamentos (id, compra_id, valor, forma_pagamento, data_pagamento) VALUES (6041, 2041, 6139.2, 'CARTAO_CREDITO', '2025-07-05 13:56:00') ON CONFLICT (id) DO NOTHING;
INSERT INTO compras (id, cliente_id, status_compra, valor_total, frete, data_compra, data_entrega_prevista, endereco_entrega_id) VALUES (2042, 1000, 'ENTREGUE', 1049.7, 10.5, '2025-07-22 16:19:00', '2025-07-28', 1000) ON CONFLICT (id) DO NOTHING;
INSERT INTO itens_compra (id, compra_id, produto_id, quantidade, preco_unitario) VALUES (5071, 2042, 1001, 3, 349.9) ON CONFLICT (id) DO NOTHING;
INSERT INTO pagamentos (id, compra_id, valor, forma_pagamento, data_pagamento) VALUES (6042, 2042, 1049.7, 'CARTAO_CREDITO', '2025-07-22 16:19:00') ON CONFLICT (id) DO NOTHING;
INSERT INTO compras (id, cliente_id, status_compra, valor_total, frete, data_compra, data_entrega_prevista, endereco_entrega_id) VALUES (2043, 1000, 'ENTREGUE', 359.8, 10.24, '2025-08-04 19:35:00', '2025-08-14', 1000) ON CONFLICT (id) DO NOTHING;
INSERT INTO itens_compra (id, compra_id, produto_id, quantidade, preco_unitario) VALUES (5072, 2043, 1004, 2, 179.9) ON CONFLICT (id) DO NOTHING;
INSERT INTO pagamentos (id, compra_id, valor, forma_pagamento, data_pagamento) VALUES (6043, 2043, 359.8, 'CARTAO_CREDITO', '2025-08-04 19:35:00') ON CONFLICT (id) DO NOTHING;
INSERT INTO compras (id, cliente_id, status_compra, valor_total, frete, data_compra, data_entrega_prevista, endereco_entrega_id) VALUES (2044, 1000, 'APROVADA', 739.6, 11.96, '2025-08-23 13:13:00', '2025-08-28', 1000) ON CONFLICT (id) DO NOTHING;
INSERT INTO itens_compra (id, compra_id, produto_id, quantidade, preco_unitario) VALUES (5073, 2044, 1002, 3, 149.9) ON CONFLICT (id) DO NOTHING;
INSERT INTO itens_compra (id, compra_id, produto_id, quantidade, preco_unitario) VALUES (5074, 2044, 1003, 1, 289.9) ON CONFLICT (id) DO NOTHING;
INSERT INTO pagamentos (id, compra_id, valor, forma_pagamento, data_pagamento) VALUES (6044, 2044, 739.6, 'CARTAO_CREDITO', '2025-08-23 13:13:00') ON CONFLICT (id) DO NOTHING;
INSERT INTO compras (id, cliente_id, status_compra, valor_total, frete, data_compra, data_entrega_prevista, endereco_entrega_id) VALUES (2045, 1000, 'ENTREGUE', 299.8, 10.16, '2025-08-03 18:27:00', '2025-08-13', 1000) ON CONFLICT (id) DO NOTHING;
INSERT INTO itens_compra (id, compra_id, produto_id, quantidade, preco_unitario) VALUES (5075, 2045, 1002, 2, 149.9) ON CONFLICT (id) DO NOTHING;
INSERT INTO pagamentos (id, compra_id, valor, forma_pagamento, data_pagamento) VALUES (6045, 2045, 299.8, 'CARTAO_CREDITO', '2025-08-03 18:27:00') ON CONFLICT (id) DO NOTHING;
INSERT INTO compras (id, cliente_id, status_compra, valor_total, frete, data_compra, data_entrega_prevista, endereco_entrega_id) VALUES (2046, 1000, 'APROVADA', 289.9, 11.8, '2025-08-21 12:10:00', '2025-08-28', 1000) ON CONFLICT (id) DO NOTHING;
INSERT INTO itens_compra (id, compra_id, produto_id, quantidade, preco_unitario) VALUES (5076, 2046, 1003, 1, 289.9) ON CONFLICT (id) DO NOTHING;
INSERT INTO pagamentos (id, compra_id, valor, forma_pagamento, data_pagamento) VALUES (6046, 2046, 289.9, 'CARTAO_CREDITO', '2025-08-21 12:10:00') ON CONFLICT (id) DO NOTHING;
INSERT INTO compras (id, cliente_id, status_compra, valor_total, frete, data_compra, data_entrega_prevista, endereco_entrega_id) VALUES (2047, 1000, 'APROVADA', 21059.2, 13.54, '2025-08-04 09:56:00', '2025-08-14', 1000) ON CONFLICT (id) DO NOTHING;
INSERT INTO itens_compra (id, compra_id, produto_id, quantidade, preco_unitario) VALUES (5077, 2047, 1004, 2, 179.9) ON CONFLICT (id) DO NOTHING;
INSERT INTO itens_compra (id, compra_id, produto_id, quantidade, preco_unitario) VALUES (5078, 2047, 1000, 4, 4999.9) ON CONFLICT (id) DO NOTHING;
INSERT INTO itens_compra (id, compra_id, produto_id, quantidade, preco_unitario) VALUES (5079, 2047, 1001, 2, 349.9) ON CONFLICT (id) DO NOTHING;
INSERT INTO pagamentos (id, compra_id, valor, forma_pagamento, data_pagamento) VALUES (6047, 2047, 21059.2, 'CARTAO_CREDITO', '2025-08-04 09:56:00') ON CONFLICT (id) DO NOTHING;
INSERT INTO compras (id, cliente_id, status_compra, valor_total, frete, data_compra, data_entrega_prevista, endereco_entrega_id) VALUES (2048, 1000, 'ENTREGUE', 1489.2, 10.9, '2025-08-02 12:23:00', '2025-08-12', 1000) ON CONFLICT (id) DO NOTHING;
INSERT INTO itens_compra (id, compra_id, produto_id, quantidade, preco_unitario) VALUES (5080, 2048, 1001, 1, 349.9) ON CONFLICT (id) DO NOTHING;
INSERT INTO itens_compra (id, compra_id, produto_id, quantidade, preco_unitario) VALUES (5081, 2048, 1004, 3, 179.9) ON CONFLICT (id) DO NOTHING;
INSERT INTO itens_compra (id, compra_id, produto_id, quantidade, preco_unitario) VALUES (5082, 2048, 1002, 4, 149.9) ON CONFLICT (id) DO NOTHING;
INSERT INTO pagamentos (id, compra_id, valor, forma_pagamento, data_pagamento) VALUES (6048, 2048, 1489.2, 'CARTAO_CREDITO', '2025-08-02 12:23:00') ON CONFLICT (id) DO NOTHING;
INSERT INTO compras (id, cliente_id, status_compra, valor_total, frete, data_compra, data_entrega_prevista, endereco_entrega_id) VALUES (2049, 1000, 'ENTREGUE', 21569.1, 15.1, '2025-08-20 19:09:00', '2025-08-28', 1000) ON CONFLICT (id) DO NOTHING;
INSERT INTO itens_compra (id, compra_id, produto_id, quantidade, preco_unitario) VALUES (5083, 2049, 1001, 2, 349.9) ON CONFLICT (id) DO NOTHING;
INSERT INTO itens_compra (id, compra_id, produto_id, quantidade, preco_unitario) VALUES (5084, 2049, 1003, 3, 289.9) ON CONFLICT (id) DO NOTHING;
INSERT INTO itens_compra (id, compra_id, produto_id, quantidade, preco_unitario) VALUES (5085, 2049, 1000, 4, 4999.9) ON CONFLICT (id) DO NOTHING;
INSERT INTO pagamentos (id, compra_id, valor, forma_pagamento, data_pagamento) VALUES (6049, 2049, 21569.1, 'CARTAO_CREDITO', '2025-08-20 19:09:00') ON CONFLICT (id) DO NOTHING;
INSERT INTO compras (id, cliente_id, status_compra, valor_total, frete, data_compra, data_entrega_prevista, endereco_entrega_id) VALUES (2050, 1000, 'APROVADA', 1549.5, 10.66, '2025-08-26 18:55:00', '2025-08-28', 1000) ON CONFLICT (id) DO NOTHING;
INSERT INTO itens_compra (id, compra_id, produto_id, quantidade, preco_unitario) VALUES (5086, 2050, 1002, 1, 149.9) ON CONFLICT (id) DO NOTHING;
INSERT INTO itens_compra (id, compra_id, produto_id, quantidade, preco_unitario) VALUES (5087, 2050, 1001, 4, 349.9) ON CONFLICT (id) DO NOTHING;
INSERT INTO pagamentos (id, compra_id, valor, forma_pagamento, data_pagamento) VALUES (6050, 2050, 1549.5, 'CARTAO_CREDITO', '2025-08-26 18:55:00') ON CONFLICT (id) DO NOTHING;
INSERT INTO compras (id, cliente_id, status_compra, valor_total, frete, data_compra, data_entrega_prevista, endereco_entrega_id) VALUES (2051, 1000, 'ENTREGUE', 869.7, 11.8, '2025-08-28 08:54:00', '2025-08-28', 1000) ON CONFLICT (id) DO NOTHING;
INSERT INTO itens_compra (id, compra_id, produto_id, quantidade, preco_unitario) VALUES (5088, 2051, 1003, 3, 289.9) ON CONFLICT (id) DO NOTHING;
INSERT INTO pagamentos (id, compra_id, valor, forma_pagamento, data_pagamento) VALUES (6051, 2051, 869.7, 'CARTAO_CREDITO', '2025-08-28 08:54:00') ON CONFLICT (id) DO NOTHING;
INSERT INTO compras (id, cliente_id, status_compra, valor_total, frete, data_compra, data_entrega_prevista, endereco_entrega_id) VALUES (2052, 1000, 'ENTREGUE', 1399.6, 10.5, '2025-08-10 20:55:00', '2025-08-20', 1000) ON CONFLICT (id) DO NOTHING;
INSERT INTO itens_compra (id, compra_id, produto_id, quantidade, preco_unitario) VALUES (5089, 2052, 1001, 4, 349.9) ON CONFLICT (id) DO NOTHING;
INSERT INTO pagamentos (id, compra_id, valor, forma_pagamento, data_pagamento) VALUES (6052, 2052, 1399.6, 'CARTAO_CREDITO', '2025-08-10 20:55:00') ON CONFLICT (id) DO NOTHING;
INSERT INTO compras (id, cliente_id, status_compra, valor_total, frete, data_compra, data_entrega_prevista, endereco_entrega_id) VALUES (2053, 1000, 'ENTREGUE', 1429.2, 12.2, '2025-08-11 12:55:00', '2025-08-21', 1000) ON CONFLICT (id) DO NOTHING;
INSERT INTO itens_compra (id, compra_id, produto_id, quantidade, preco_unitario) VALUES (5090, 2053, 1002, 4, 149.9) ON CONFLICT (id) DO NOTHING;
INSERT INTO itens_compra (id, compra_id, produto_id, quantidade, preco_unitario) VALUES (5091, 2053, 1004, 3, 179.9) ON CONFLICT (id) DO NOTHING;
INSERT INTO itens_compra (id, compra_id, produto_id, quantidade, preco_unitario) VALUES (5092, 2053, 1003, 1, 289.9) ON CONFLICT (id) DO NOTHING;
INSERT INTO pagamentos (id, compra_id, valor, forma_pagamento, data_pagamento) VALUES (6053, 2053, 1429.2, 'CARTAO_CREDITO', '2025-08-11 12:55:00') ON CONFLICT (id) DO NOTHING;
INSERT INTO compras (id, cliente_id, status_compra, valor_total, frete, data_compra, data_entrega_prevista, endereco_entrega_id) VALUES (2054, 1000, 'ENTREGUE', 16469.0, 14.76, '2025-08-04 12:11:00', '2025-08-14', 1000) ON CONFLICT (id) DO NOTHING;
INSERT INTO itens_compra (id, compra_id, produto_id, quantidade, preco_unitario) VALUES (5093, 2054, 1002, 4, 149.9) ON CONFLICT (id) DO NOTHING;
INSERT INTO itens_compra (id, compra_id, produto_id, quantidade, preco_unitario) VALUES (5094, 2054, 1000, 3, 4999.9) ON CONFLICT (id) DO NOTHING;
INSERT INTO itens_compra (id, compra_id, produto_id, quantidade, preco_unitario) VALUES (5095, 2054, 1003, 3, 289.9) ON CONFLICT (id) DO NOTHING;
INSERT INTO pagamentos (id, compra_id, valor, forma_pagamento, data_pagamento) VALUES (6054, 2054, 16469.0, 'CARTAO_CREDITO', '2025-08-04 12:11:00') ON CONFLICT (id) DO NOTHING;
INSERT INTO compras (id, cliente_id, status_compra, valor_total, frete, data_compra, data_entrega_prevista, endereco_entrega_id) VALUES (2055, 1000, 'ENTREGUE', 359.8, 10.24, '2025-08-14 17:32:00', '2025-08-24', 1000) ON CONFLICT (id) DO NOTHING;
INSERT INTO itens_compra (id, compra_id, produto_id, quantidade, preco_unitario) VALUES (5096, 2055, 1004, 2, 179.9) ON CONFLICT (id) DO NOTHING;
INSERT INTO pagamentos (id, compra_id, valor, forma_pagamento, data_pagamento) VALUES (6055, 2055, 359.8, 'CARTAO_CREDITO', '2025-08-14 17:32:00') ON CONFLICT (id) DO NOTHING;
INSERT INTO compras (id, cliente_id, status_compra, valor_total, frete, data_compra, data_entrega_prevista, endereco_entrega_id) VALUES (2056, 1000, 'ENTREGUE', 359.8, 10.24, '2025-08-09 08:45:00', '2025-08-19', 1000) ON CONFLICT (id) DO NOTHING;
INSERT INTO itens_compra (id, compra_id, produto_id, quantidade, preco_unitario) VALUES (5097, 2056, 1004, 2, 179.9) ON CONFLICT (id) DO NOTHING;
INSERT INTO pagamentos (id, compra_id, valor, forma_pagamento, data_pagamento) VALUES (6056, 2056, 359.8, 'CARTAO_CREDITO', '2025-08-09 08:45:00') ON CONFLICT (id) DO NOTHING;
INSERT INTO compras (id, cliente_id, status_compra, valor_total, frete, data_compra, data_entrega_prevista, endereco_entrega_id) VALUES (2057, 1000, 'ENTREGUE', 15599.3, 12.96, '2025-09-14 09:42:00', '2025-09-24', 1000) ON CONFLICT (id) DO NOTHING;
INSERT INTO itens_compra (id, compra_id, produto_id, quantidade, preco_unitario) VALUES (5098, 2057, 1000, 3, 4999.9) ON CONFLICT (id) DO NOTHING;
INSERT INTO itens_compra (id, compra_id, produto_id, quantidade, preco_unitario) VALUES (5099, 2057, 1002, 4, 149.9) ON CONFLICT (id) DO NOTHING;
INSERT INTO pagamentos (id, compra_id, valor, forma_pagamento, data_pagamento) VALUES (6057, 2057, 15599.3, 'CARTAO_CREDITO', '2025-09-14 09:42:00') ON CONFLICT (id) DO NOTHING;
INSERT INTO compras (id, cliente_id, status_compra, valor_total, frete, data_compra, data_entrega_prevista, endereco_entrega_id) VALUES (2058, 1000, 'ENTREGUE', 1979.4, 12.3, '2025-09-11 14:44:00', '2025-09-21', 1000) ON CONFLICT (id) DO NOTHING;
INSERT INTO itens_compra (id, compra_id, produto_id, quantidade, preco_unitario) VALUES (5100, 2058, 1001, 4, 349.9) ON CONFLICT (id) DO NOTHING;
INSERT INTO itens_compra (id, compra_id, produto_id, quantidade, preco_unitario) VALUES (5101, 2058, 1003, 2, 289.9) ON CONFLICT (id) DO NOTHING;
INSERT INTO pagamentos (id, compra_id, valor, forma_pagamento, data_pagamento) VALUES (6058, 2058, 1979.4, 'CARTAO_CREDITO', '2025-09-11 14:44:00') ON CONFLICT (id) DO NOTHING;
INSERT INTO compras (id, cliente_id, status_compra, valor_total, frete, data_compra, data_entrega_prevista, endereco_entrega_id) VALUES (2059, 1000, 'ENTREGUE', 15299.5, 12.96, '2025-09-20 17:19:00', '2025-09-28', 1000) ON CONFLICT (id) DO NOTHING;
INSERT INTO itens_compra (id, compra_id, produto_id, quantidade, preco_unitario) VALUES (5102, 2059, 1000, 3, 4999.9) ON CONFLICT (id) DO NOTHING;
INSERT INTO itens_compra (id, compra_id, produto_id, quantidade, preco_unitario) VALUES (5103, 2059, 1002, 2, 149.9) ON CONFLICT (id) DO NOTHING;
INSERT INTO pagamentos (id, compra_id, valor, forma_pagamento, data_pagamento) VALUES (6059, 2059, 15299.5, 'CARTAO_CREDITO', '2025-09-20 17:19:00') ON CONFLICT (id) DO NOTHING;
INSERT INTO compras (id, cliente_id, status_compra, valor_total, frete, data_compra, data_entrega_prevista, endereco_entrega_id) VALUES (2060, 1000, 'ENTREGUE', 1519.4, 12.04, '2025-09-14 20:37:00', '2025-09-24', 1000) ON CONFLICT (id) DO NOTHING;
INSERT INTO itens_compra (id, compra_id, produto_id, quantidade, preco_unitario) VALUES (5104, 2060, 1003, 4, 289.9) ON CONFLICT (id) DO NOTHING;
INSERT INTO itens_compra (id, compra_id, produto_id, quantidade, preco_unitario) VALUES (5105, 2060, 1004, 2, 179.9) ON CONFLICT (id) DO NOTHING;
INSERT INTO pagamentos (id, compra_id, valor, forma_pagamento, data_pagamento) VALUES (6060, 2060, 1519.4, 'CARTAO_CREDITO', '2025-09-14 20:37:00') ON CONFLICT (id) DO NOTHING;
INSERT INTO compras (id, cliente_id, status_compra, valor_total, frete, data_compra, data_entrega_prevista, endereco_entrega_id) VALUES (2061, 1000, 'APROVADA', 14999.7, 12.8, '2025-09-17 15:50:00', '2025-09-27', 1000) ON CONFLICT (id) DO NOTHING;
INSERT INTO itens_compra (id, compra_id, produto_id, quantidade, preco_unitario) VALUES (5106, 2061, 1000, 3, 4999.9) ON CONFLICT (id) DO NOTHING;
INSERT INTO pagamentos (id, compra_id, valor, forma_pagamento, data_pagamento) VALUES (6061, 2061, 14999.7, 'CARTAO_CREDITO', '2025-09-17 15:50:00') ON CONFLICT (id) DO NOTHING;
INSERT INTO compras (id, cliente_id, status_compra, valor_total, frete, data_compra, data_entrega_prevista, endereco_entrega_id) VALUES (2062, 1000, 'ENTREGUE', 1049.7, 10.5, '2025-09-17 18:40:00', '2025-09-27', 1000) ON CONFLICT (id) DO NOTHING;
INSERT INTO itens_compra (id, compra_id, produto_id, quantidade, preco_unitario) VALUES (5107, 2062, 1001, 3, 349.9) ON CONFLICT (id) DO NOTHING;
INSERT INTO pagamentos (id, compra_id, valor, forma_pagamento, data_pagamento) VALUES (6062, 2062, 1049.7, 'CARTAO_CREDITO', '2025-09-17 18:40:00') ON CONFLICT (id) DO NOTHING;
INSERT INTO compras (id, cliente_id, status_compra, valor_total, frete, data_compra, data_entrega_prevista, endereco_entrega_id) VALUES (2063, 1000, 'ENTREGUE', 1399.6, 10.5, '2025-09-08 20:12:00', '2025-09-18', 1000) ON CONFLICT (id) DO NOTHING;
INSERT INTO itens_compra (id, compra_id, produto_id, quantidade, preco_unitario) VALUES (5108, 2063, 1001, 4, 349.9) ON CONFLICT (id) DO NOTHING;
INSERT INTO pagamentos (id, compra_id, valor, forma_pagamento, data_pagamento) VALUES (6063, 2063, 1399.6, 'CARTAO_CREDITO', '2025-09-08 20:12:00') ON CONFLICT (id) DO NOTHING;
INSERT INTO compras (id, cliente_id, status_compra, valor_total, frete, data_compra, data_entrega_prevista, endereco_entrega_id) VALUES (2064, 1000, 'ENTREGUE', 359.8, 10.24, '2025-09-20 20:04:00', '2025-09-28', 1000) ON CONFLICT (id) DO NOTHING;
INSERT INTO itens_compra (id, compra_id, produto_id, quantidade, preco_unitario) VALUES (5109, 2064, 1004, 2, 179.9) ON CONFLICT (id) DO NOTHING;
INSERT INTO pagamentos (id, compra_id, valor, forma_pagamento, data_pagamento) VALUES (6064, 2064, 359.8, 'CARTAO_CREDITO', '2025-09-20 20:04:00') ON CONFLICT (id) DO NOTHING;
INSERT INTO compras (id, cliente_id, status_compra, valor_total, frete, data_compra, data_entrega_prevista, endereco_entrega_id) VALUES (2065, 1000, 'ENTREGUE', 349.9, 10.5, '2025-09-23 19:24:00', '2025-09-28', 1000) ON CONFLICT (id) DO NOTHING;
INSERT INTO itens_compra (id, compra_id, produto_id, quantidade, preco_unitario) VALUES (5110, 2065, 1001, 1, 349.9) ON CONFLICT (id) DO NOTHING;
INSERT INTO pagamentos (id, compra_id, valor, forma_pagamento, data_pagamento) VALUES (6065, 2065, 349.9, 'CARTAO_CREDITO', '2025-09-23 19:24:00') ON CONFLICT (id) DO NOTHING;
INSERT INTO compras (id, cliente_id, status_compra, valor_total, frete, data_compra, data_entrega_prevista, endereco_entrega_id) VALUES (2066, 1000, 'ENTREGUE', 1579.5, 10.74, '2025-09-25 20:56:00', '2025-09-28', 1000) ON CONFLICT (id) DO NOTHING;
INSERT INTO itens_compra (id, compra_id, produto_id, quantidade, preco_unitario) VALUES (5111, 2066, 1001, 4, 349.9) ON CONFLICT (id) DO NOTHING;
INSERT INTO itens_compra (id, compra_id, produto_id, quantidade, preco_unitario) VALUES (5112, 2066, 1004, 1, 179.9) ON CONFLICT (id) DO NOTHING;
INSERT INTO pagamentos (id, compra_id, valor, forma_pagamento, data_pagamento) VALUES (6066, 2066, 1579.5, 'CARTAO_CREDITO', '2025-09-25 20:56:00') ON CONFLICT (id) DO NOTHING;
INSERT INTO compras (id, cliente_id, status_compra, valor_total, frete, data_compra, data_entrega_prevista, endereco_entrega_id) VALUES (2067, 1000, 'ENTREGUE', 869.7, 11.8, '2025-09-18 11:58:00', '2025-09-28', 1000) ON CONFLICT (id) DO NOTHING;
INSERT INTO itens_compra (id, compra_id, produto_id, quantidade, preco_unitario) VALUES (5113, 2067, 1003, 3, 289.9) ON CONFLICT (id) DO NOTHING;
INSERT INTO pagamentos (id, compra_id, valor, forma_pagamento, data_pagamento) VALUES (6067, 2067, 869.7, 'CARTAO_CREDITO', '2025-09-18 11:58:00') ON CONFLICT (id) DO NOTHING;
INSERT INTO compras (id, cliente_id, status_compra, valor_total, frete, data_compra, data_entrega_prevista, endereco_entrega_id) VALUES (2068, 1000, 'APROVADA', 16878.9, 14.84, '2025-09-25 15:39:00', '2025-09-28', 1000) ON CONFLICT (id) DO NOTHING;
INSERT INTO itens_compra (id, compra_id, produto_id, quantidade, preco_unitario) VALUES (5114, 2068, 1003, 4, 289.9) ON CONFLICT (id) DO NOTHING;
INSERT INTO itens_compra (id, compra_id, produto_id, quantidade, preco_unitario) VALUES (5115, 2068, 1004, 4, 179.9) ON CONFLICT (id) DO NOTHING;
INSERT INTO itens_compra (id, compra_id, produto_id, quantidade, preco_unitario) VALUES (5116, 2068, 1000, 3, 4999.9) ON CONFLICT (id) DO NOTHING;
INSERT INTO pagamentos (id, compra_id, valor, forma_pagamento, data_pagamento) VALUES (6068, 2068, 16878.9, 'CARTAO_CREDITO', '2025-09-25 15:39:00') ON CONFLICT (id) DO NOTHING;
INSERT INTO compras (id, cliente_id, status_compra, valor_total, frete, data_compra, data_entrega_prevista, endereco_entrega_id) VALUES (2069, 1000, 'ENTREGUE', 719.6, 10.24, '2025-09-25 11:53:00', '2025-09-28', 1000) ON CONFLICT (id) DO NOTHING;
INSERT INTO itens_compra (id, compra_id, produto_id, quantidade, preco_unitario) VALUES (5117, 2069, 1004, 4, 179.9) ON CONFLICT (id) DO NOTHING;
INSERT INTO pagamentos (id, compra_id, valor, forma_pagamento, data_pagamento) VALUES (6069, 2069, 719.6, 'CARTAO_CREDITO', '2025-09-25 11:53:00') ON CONFLICT (id) DO NOTHING;
INSERT INTO compras (id, cliente_id, status_compra, valor_total, frete, data_compra, data_entrega_prevista, endereco_entrega_id) VALUES (2070, 1000, 'ENTREGUE', 299.8, 10.16, '2025-09-21 11:17:00', '2025-09-28', 1000) ON CONFLICT (id) DO NOTHING;
INSERT INTO itens_compra (id, compra_id, produto_id, quantidade, preco_unitario) VALUES (5118, 2070, 1002, 2, 149.9) ON CONFLICT (id) DO NOTHING;
INSERT INTO pagamentos (id, compra_id, valor, forma_pagamento, data_pagamento) VALUES (6070, 2070, 299.8, 'CARTAO_CREDITO', '2025-09-21 11:17:00') ON CONFLICT (id) DO NOTHING;
INSERT INTO compras (id, cliente_id, status_compra, valor_total, frete, data_compra, data_entrega_prevista, endereco_entrega_id) VALUES (2071, 1000, 'ENTREGUE', 699.8, 10.5, '2025-09-09 13:20:00', '2025-09-19', 1000) ON CONFLICT (id) DO NOTHING;
INSERT INTO itens_compra (id, compra_id, produto_id, quantidade, preco_unitario) VALUES (5119, 2071, 1001, 2, 349.9) ON CONFLICT (id) DO NOTHING;
INSERT INTO pagamentos (id, compra_id, valor, forma_pagamento, data_pagamento) VALUES (6071, 2071, 699.8, 'CARTAO_CREDITO', '2025-09-09 13:20:00') ON CONFLICT (id) DO NOTHING;
INSERT INTO compras (id, cliente_id, status_compra, valor_total, frete, data_compra, data_entrega_prevista, endereco_entrega_id) VALUES (2072, 1000, 'APROVADA', 1159.6, 11.8, '2025-09-13 19:09:00', '2025-09-23', 1000) ON CONFLICT (id) DO NOTHING;
INSERT INTO itens_compra (id, compra_id, produto_id, quantidade, preco_unitario) VALUES (5120, 2072, 1003, 4, 289.9) ON CONFLICT (id) DO NOTHING;
INSERT INTO pagamentos (id, compra_id, valor, forma_pagamento, data_pagamento) VALUES (6072, 2072, 1159.6, 'CARTAO_CREDITO', '2025-09-13 19:09:00') ON CONFLICT (id) DO NOTHING;
INSERT INTO compras (id, cliente_id, status_compra, valor_total, frete, data_compra, data_entrega_prevista, endereco_entrega_id) VALUES (2073, 1000, 'ENTREGUE', 1159.6, 11.8, '2025-10-18 15:26:00', '2025-10-28', 1000) ON CONFLICT (id) DO NOTHING;
INSERT INTO itens_compra (id, compra_id, produto_id, quantidade, preco_unitario) VALUES (5121, 2073, 1003, 4, 289.9) ON CONFLICT (id) DO NOTHING;
INSERT INTO pagamentos (id, compra_id, valor, forma_pagamento, data_pagamento) VALUES (6073, 2073, 1159.6, 'CARTAO_CREDITO', '2025-10-18 15:26:00') ON CONFLICT (id) DO NOTHING;
INSERT INTO compras (id, cliente_id, status_compra, valor_total, frete, data_compra, data_entrega_prevista, endereco_entrega_id) VALUES (2074, 1000, 'ENTREGUE', 2099.3, 12.54, '2025-10-25 17:44:00', '2025-10-28', 1000) ON CONFLICT (id) DO NOTHING;
INSERT INTO itens_compra (id, compra_id, produto_id, quantidade, preco_unitario) VALUES (5122, 2074, 1004, 1, 179.9) ON CONFLICT (id) DO NOTHING;
INSERT INTO itens_compra (id, compra_id, produto_id, quantidade, preco_unitario) VALUES (5123, 2074, 1003, 3, 289.9) ON CONFLICT (id) DO NOTHING;
INSERT INTO itens_compra (id, compra_id, produto_id, quantidade, preco_unitario) VALUES (5124, 2074, 1001, 3, 349.9) ON CONFLICT (id) DO NOTHING;
INSERT INTO pagamentos (id, compra_id, valor, forma_pagamento, data_pagamento) VALUES (6074, 2074, 2099.3, 'CARTAO_CREDITO', '2025-10-25 17:44:00') ON CONFLICT (id) DO NOTHING;
INSERT INTO compras (id, cliente_id, status_compra, valor_total, frete, data_compra, data_entrega_prevista, endereco_entrega_id) VALUES (2075, 1000, 'ENTREGUE', 1419.4, 10.74, '2025-10-25 14:54:00', '2025-10-28', 1000) ON CONFLICT (id) DO NOTHING;
INSERT INTO itens_compra (id, compra_id, produto_id, quantidade, preco_unitario) VALUES (5125, 2075, 1004, 4, 179.9) ON CONFLICT (id) DO NOTHING;
INSERT INTO itens_compra (id, compra_id, produto_id, quantidade, preco_unitario) VALUES (5126, 2075, 1001, 2, 349.9) ON CONFLICT (id) DO NOTHING;
INSERT INTO pagamentos (id, compra_id, valor, forma_pagamento, data_pagamento) VALUES (6075, 2075, 1419.4, 'CARTAO_CREDITO', '2025-10-25 14:54:00') ON CONFLICT (id) DO NOTHING;
INSERT INTO compras (id, cliente_id, status_compra, valor_total, frete, data_compra, data_entrega_prevista, endereco_entrega_id) VALUES (2076, 1000, 'ENTREGUE', 579.8, 11.8, '2025-10-09 14:31:00', '2025-10-19', 1000) ON CONFLICT (id) DO NOTHING;
INSERT INTO itens_compra (id, compra_id, produto_id, quantidade, preco_unitario) VALUES (5127, 2076, 1003, 2, 289.9) ON CONFLICT (id) DO NOTHING;
INSERT INTO pagamentos (id, compra_id, valor, forma_pagamento, data_pagamento) VALUES (6076, 2076, 579.8, 'CARTAO_CREDITO', '2025-10-09 14:31:00') ON CONFLICT (id) DO NOTHING;
INSERT INTO compras (id, cliente_id, status_compra, valor_total, frete, data_compra, data_entrega_prevista, endereco_entrega_id) VALUES (2077, 1000, 'ENTREGUE', 6579.4, 13.54, '2025-10-27 15:58:00', '2025-10-28', 1000) ON CONFLICT (id) DO NOTHING;
INSERT INTO itens_compra (id, compra_id, produto_id, quantidade, preco_unitario) VALUES (5128, 2077, 1004, 1, 179.9) ON CONFLICT (id) DO NOTHING;
INSERT INTO itens_compra (id, compra_id, produto_id, quantidade, preco_unitario) VALUES (5129, 2077, 1000, 1, 4999.9) ON CONFLICT (id) DO NOTHING;
INSERT INTO itens_compra (id, compra_id, produto_id, quantidade, preco_unitario) VALUES (5130, 2077, 1001, 4, 349.9) ON CONFLICT (id) DO NOTHING;
INSERT INTO pagamentos (id, compra_id, valor, forma_pagamento, data_pagamento) VALUES (6077, 2077, 6579.4, 'CARTAO_CREDITO', '2025-10-27 15:58:00') ON CONFLICT (id) DO NOTHING;
INSERT INTO compras (id, cliente_id, status_compra, valor_total, frete, data_compra, data_entrega_prevista, endereco_entrega_id) VALUES (2078, 1000, 'ENTREGUE', 299.8, 10.16, '2025-10-05 15:11:00', '2025-10-15', 1000) ON CONFLICT (id) DO NOTHING;
INSERT INTO itens_compra (id, compra_id, produto_id, quantidade, preco_unitario) VALUES (5131, 2078, 1002, 2, 149.9) ON CONFLICT (id) DO NOTHING;
INSERT INTO pagamentos (id, compra_id, valor, forma_pagamento, data_pagamento) VALUES (6078, 2078, 299.8, 'CARTAO_CREDITO', '2025-10-05 15:11:00') ON CONFLICT (id) DO NOTHING;
INSERT INTO compras (id, cliente_id, status_compra, valor_total, frete, data_compra, data_entrega_prevista, endereco_entrega_id) VALUES (2079, 1000, 'EM_TRANSITO', 1659.4, 12.46, '2025-10-15 13:21:00', '2025-10-25', 1000) ON CONFLICT (id) DO NOTHING;
INSERT INTO itens_compra (id, compra_id, produto_id, quantidade, preco_unitario) VALUES (5132, 2079, 1002, 1, 149.9) ON CONFLICT (id) DO NOTHING;
INSERT INTO itens_compra (id, compra_id, produto_id, quantidade, preco_unitario) VALUES (5133, 2079, 1003, 4, 289.9) ON CONFLICT (id) DO NOTHING;
INSERT INTO itens_compra (id, compra_id, produto_id, quantidade, preco_unitario) VALUES (5134, 2079, 1001, 1, 349.9) ON CONFLICT (id) DO NOTHING;
INSERT INTO pagamentos (id, compra_id, valor, forma_pagamento, data_pagamento) VALUES (6079, 2079, 1659.4, 'CARTAO_CREDITO', '2025-10-15 13:21:00') ON CONFLICT (id) DO NOTHING;
INSERT INTO compras (id, cliente_id, status_compra, valor_total, frete, data_compra, data_entrega_prevista, endereco_entrega_id) VALUES (2080, 1000, 'ENTREGUE', 4999.9, 12.8, '2025-10-24 16:03:00', '2025-10-28', 1000) ON CONFLICT (id) DO NOTHING;
INSERT INTO itens_compra (id, compra_id, produto_id, quantidade, preco_unitario) VALUES (5135, 2080, 1000, 1, 4999.9) ON CONFLICT (id) DO NOTHING;
INSERT INTO pagamentos (id, compra_id, valor, forma_pagamento, data_pagamento) VALUES (6080, 2080, 4999.9, 'CARTAO_CREDITO', '2025-10-24 16:03:00') ON CONFLICT (id) DO NOTHING;
INSERT INTO compras (id, cliente_id, status_compra, valor_total, frete, data_compra, data_entrega_prevista, endereco_entrega_id) VALUES (2081, 1000, 'ENTREGUE', 1059.6, 10.74, '2025-10-25 08:15:00', '2025-10-28', 1000) ON CONFLICT (id) DO NOTHING;
INSERT INTO itens_compra (id, compra_id, produto_id, quantidade, preco_unitario) VALUES (5136, 2081, 1004, 2, 179.9) ON CONFLICT (id) DO NOTHING;
INSERT INTO itens_compra (id, compra_id, produto_id, quantidade, preco_unitario) VALUES (5137, 2081, 1001, 2, 349.9) ON CONFLICT (id) DO NOTHING;
INSERT INTO pagamentos (id, compra_id, valor, forma_pagamento, data_pagamento) VALUES (6081, 2081, 1059.6, 'CARTAO_CREDITO', '2025-10-25 08:15:00') ON CONFLICT (id) DO NOTHING;
INSERT INTO compras (id, cliente_id, status_compra, valor_total, frete, data_compra, data_entrega_prevista, endereco_entrega_id) VALUES (2082, 1000, 'ENTREGUE', 1429.5, 12.46, '2025-10-16 18:07:00', '2025-10-26', 1000) ON CONFLICT (id) DO NOTHING;
INSERT INTO itens_compra (id, compra_id, produto_id, quantidade, preco_unitario) VALUES (5138, 2082, 1003, 2, 289.9) ON CONFLICT (id) DO NOTHING;
INSERT INTO itens_compra (id, compra_id, produto_id, quantidade, preco_unitario) VALUES (5139, 2082, 1002, 1, 149.9) ON CONFLICT (id) DO NOTHING;
INSERT INTO itens_compra (id, compra_id, produto_id, quantidade, preco_unitario) VALUES (5140, 2082, 1001, 2, 349.9) ON CONFLICT (id) DO NOTHING;
INSERT INTO pagamentos (id, compra_id, valor, forma_pagamento, data_pagamento) VALUES (6082, 2082, 1429.5, 'CARTAO_CREDITO', '2025-10-16 18:07:00') ON CONFLICT (id) DO NOTHING;
INSERT INTO compras (id, cliente_id, status_compra, valor_total, frete, data_compra, data_entrega_prevista, endereco_entrega_id) VALUES (2083, 1000, 'ENTREGUE', 1349.5, 12.54, '2025-10-10 09:37:00', '2025-10-20', 1000) ON CONFLICT (id) DO NOTHING;
INSERT INTO itens_compra (id, compra_id, produto_id, quantidade, preco_unitario) VALUES (5141, 2083, 1004, 2, 179.9) ON CONFLICT (id) DO NOTHING;
INSERT INTO itens_compra (id, compra_id, produto_id, quantidade, preco_unitario) VALUES (5142, 2083, 1003, 1, 289.9) ON CONFLICT (id) DO NOTHING;
INSERT INTO itens_compra (id, compra_id, produto_id, quantidade, preco_unitario) VALUES (5143, 2083, 1001, 2, 349.9) ON CONFLICT (id) DO NOTHING;
INSERT INTO pagamentos (id, compra_id, valor, forma_pagamento, data_pagamento) VALUES (6083, 2083, 1349.5, 'CARTAO_CREDITO', '2025-10-10 09:37:00') ON CONFLICT (id) DO NOTHING;
INSERT INTO compras (id, cliente_id, status_compra, valor_total, frete, data_compra, data_entrega_prevista, endereco_entrega_id) VALUES (2084, 1000, 'ENTREGUE', 15779.2, 13.2, '2025-10-04 19:49:00', '2025-10-14', 1000) ON CONFLICT (id) DO NOTHING;
INSERT INTO itens_compra (id, compra_id, produto_id, quantidade, preco_unitario) VALUES (5144, 2084, 1004, 1, 179.9) ON CONFLICT (id) DO NOTHING;
INSERT INTO itens_compra (id, compra_id, produto_id, quantidade, preco_unitario) VALUES (5145, 2084, 1000, 3, 4999.9) ON CONFLICT (id) DO NOTHING;
INSERT INTO itens_compra (id, compra_id, produto_id, quantidade, preco_unitario) VALUES (5146, 2084, 1002, 4, 149.9) ON CONFLICT (id) DO NOTHING;
INSERT INTO pagamentos (id, compra_id, valor, forma_pagamento, data_pagamento) VALUES (6084, 2084, 15779.2, 'CARTAO_CREDITO', '2025-10-04 19:49:00') ON CONFLICT (id) DO NOTHING;
INSERT INTO compras (id, cliente_id, status_compra, valor_total, frete, data_compra, data_entrega_prevista, endereco_entrega_id) VALUES (2085, 1000, 'ENTREGUE', 20289.5, 14.6, '2025-10-22 13:04:00', '2025-10-28', 1000) ON CONFLICT (id) DO NOTHING;
INSERT INTO itens_compra (id, compra_id, produto_id, quantidade, preco_unitario) VALUES (5147, 2085, 1000, 4, 4999.9) ON CONFLICT (id) DO NOTHING;
INSERT INTO itens_compra (id, compra_id, produto_id, quantidade, preco_unitario) VALUES (5148, 2085, 1003, 1, 289.9) ON CONFLICT (id) DO NOTHING;
INSERT INTO pagamentos (id, compra_id, valor, forma_pagamento, data_pagamento) VALUES (6085, 2085, 20289.5, 'CARTAO_CREDITO', '2025-10-22 13:04:00') ON CONFLICT (id) DO NOTHING;
INSERT INTO compras (id, cliente_id, status_compra, valor_total, frete, data_compra, data_entrega_prevista, endereco_entrega_id) VALUES (2086, 1000, 'ENTREGUE', 2269.3, 12.3, '2025-10-14 13:40:00', '2025-10-24', 1000) ON CONFLICT (id) DO NOTHING;
INSERT INTO itens_compra (id, compra_id, produto_id, quantidade, preco_unitario) VALUES (5149, 2086, 1003, 3, 289.9) ON CONFLICT (id) DO NOTHING;
INSERT INTO itens_compra (id, compra_id, produto_id, quantidade, preco_unitario) VALUES (5150, 2086, 1001, 4, 349.9) ON CONFLICT (id) DO NOTHING;
INSERT INTO pagamentos (id, compra_id, valor, forma_pagamento, data_pagamento) VALUES (6086, 2086, 2269.3, 'CARTAO_CREDITO', '2025-10-14 13:40:00') ON CONFLICT (id) DO NOTHING;
INSERT INTO compras (id, cliente_id, status_compra, valor_total, frete, data_compra, data_entrega_prevista, endereco_entrega_id) VALUES (2087, 1000, 'APROVADA', 1199.6, 10.66, '2025-10-15 14:52:00', '2025-10-25', 1000) ON CONFLICT (id) DO NOTHING;
INSERT INTO itens_compra (id, compra_id, produto_id, quantidade, preco_unitario) VALUES (5151, 2087, 1002, 1, 149.9) ON CONFLICT (id) DO NOTHING;
INSERT INTO itens_compra (id, compra_id, produto_id, quantidade, preco_unitario) VALUES (5152, 2087, 1001, 3, 349.9) ON CONFLICT (id) DO NOTHING;
INSERT INTO pagamentos (id, compra_id, valor, forma_pagamento, data_pagamento) VALUES (6087, 2087, 1199.6, 'CARTAO_CREDITO', '2025-10-15 14:52:00') ON CONFLICT (id) DO NOTHING;
INSERT INTO compras (id, cliente_id, status_compra, valor_total, frete, data_compra, data_entrega_prevista, endereco_entrega_id) VALUES (2088, 1000, 'ENTREGUE', 889.5, 11.96, '2025-10-15 11:48:00', '2025-10-25', 1000) ON CONFLICT (id) DO NOTHING;
INSERT INTO itens_compra (id, compra_id, produto_id, quantidade, preco_unitario) VALUES (5153, 2088, 1003, 1, 289.9) ON CONFLICT (id) DO NOTHING;
INSERT INTO itens_compra (id, compra_id, produto_id, quantidade, preco_unitario) VALUES (5154, 2088, 1002, 4, 149.9) ON CONFLICT (id) DO NOTHING;
INSERT INTO pagamentos (id, compra_id, valor, forma_pagamento, data_pagamento) VALUES (6088, 2088, 889.5, 'CARTAO_CREDITO', '2025-10-15 11:48:00') ON CONFLICT (id) DO NOTHING;
INSERT INTO compras (id, cliente_id, status_compra, valor_total, frete, data_compra, data_entrega_prevista, endereco_entrega_id) VALUES (2089, 1000, 'ENTREGUE', 629.6, 10.4, '2025-11-06 15:13:00', '2025-11-16', 1000) ON CONFLICT (id) DO NOTHING;
INSERT INTO itens_compra (id, compra_id, produto_id, quantidade, preco_unitario) VALUES (5155, 2089, 1002, 3, 149.9) ON CONFLICT (id) DO NOTHING;
INSERT INTO itens_compra (id, compra_id, produto_id, quantidade, preco_unitario) VALUES (5156, 2089, 1004, 1, 179.9) ON CONFLICT (id) DO NOTHING;
INSERT INTO pagamentos (id, compra_id, valor, forma_pagamento, data_pagamento) VALUES (6089, 2089, 629.6, 'CARTAO_CREDITO', '2025-11-06 15:13:00') ON CONFLICT (id) DO NOTHING;
INSERT INTO compras (id, cliente_id, status_compra, valor_total, frete, data_compra, data_entrega_prevista, endereco_entrega_id) VALUES (2090, 1000, 'ENTREGUE', 2559.2, 12.3, '2025-11-17 11:05:00', '2025-11-27', 1000) ON CONFLICT (id) DO NOTHING;
INSERT INTO itens_compra (id, compra_id, produto_id, quantidade, preco_unitario) VALUES (5157, 2090, 1003, 4, 289.9) ON CONFLICT (id) DO NOTHING;
INSERT INTO itens_compra (id, compra_id, produto_id, quantidade, preco_unitario) VALUES (5158, 2090, 1001, 4, 349.9) ON CONFLICT (id) DO NOTHING;
INSERT INTO pagamentos (id, compra_id, valor, forma_pagamento, data_pagamento) VALUES (6090, 2090, 2559.2, 'CARTAO_CREDITO', '2025-11-17 11:05:00') ON CONFLICT (id) DO NOTHING;
INSERT INTO compras (id, cliente_id, status_compra, valor_total, frete, data_compra, data_entrega_prevista, endereco_entrega_id) VALUES (2091, 1000, 'ENTREGUE', 579.8, 11.8, '2025-11-15 20:01:00', '2025-11-25', 1000) ON CONFLICT (id) DO NOTHING;
INSERT INTO itens_compra (id, compra_id, produto_id, quantidade, preco_unitario) VALUES (5159, 2091, 1003, 2, 289.9) ON CONFLICT (id) DO NOTHING;
INSERT INTO pagamentos (id, compra_id, valor, forma_pagamento, data_pagamento) VALUES (6091, 2091, 579.8, 'CARTAO_CREDITO', '2025-11-15 20:01:00') ON CONFLICT (id) DO NOTHING;
INSERT INTO compras (id, cliente_id, status_compra, valor_total, frete, data_compra, data_entrega_prevista, endereco_entrega_id) VALUES (2092, 1000, 'ENTREGUE', 539.7, 10.24, '2025-11-10 18:37:00', '2025-11-20', 1000) ON CONFLICT (id) DO NOTHING;
INSERT INTO itens_compra (id, compra_id, produto_id, quantidade, preco_unitario) VALUES (5160, 2092, 1004, 3, 179.9) ON CONFLICT (id) DO NOTHING;
INSERT INTO pagamentos (id, compra_id, valor, forma_pagamento, data_pagamento) VALUES (6092, 2092, 539.7, 'CARTAO_CREDITO', '2025-11-10 18:37:00') ON CONFLICT (id) DO NOTHING;
INSERT INTO compras (id, cliente_id, status_compra, valor_total, frete, data_compra, data_entrega_prevista, endereco_entrega_id) VALUES (2093, 1000, 'ENTREGUE', 869.7, 11.8, '2025-11-14 19:35:00', '2025-11-24', 1000) ON CONFLICT (id) DO NOTHING;
INSERT INTO itens_compra (id, compra_id, produto_id, quantidade, preco_unitario) VALUES (5161, 2093, 1003, 3, 289.9) ON CONFLICT (id) DO NOTHING;
INSERT INTO pagamentos (id, compra_id, valor, forma_pagamento, data_pagamento) VALUES (6093, 2093, 869.7, 'CARTAO_CREDITO', '2025-11-14 19:35:00') ON CONFLICT (id) DO NOTHING;
INSERT INTO compras (id, cliente_id, status_compra, valor_total, frete, data_compra, data_entrega_prevista, endereco_entrega_id) VALUES (2094, 1000, 'ENTREGUE', 10299.6, 12.96, '2025-11-10 12:14:00', '2025-11-20', 1000) ON CONFLICT (id) DO NOTHING;
INSERT INTO itens_compra (id, compra_id, produto_id, quantidade, preco_unitario) VALUES (5162, 2094, 1002, 2, 149.9) ON CONFLICT (id) DO NOTHING;
INSERT INTO itens_compra (id, compra_id, produto_id, quantidade, preco_unitario) VALUES (5163, 2094, 1000, 2, 4999.9) ON CONFLICT (id) DO NOTHING;
INSERT INTO pagamentos (id, compra_id, valor, forma_pagamento, data_pagamento) VALUES (6094, 2094, 10299.6, 'CARTAO_CREDITO', '2025-11-10 12:14:00') ON CONFLICT (id) DO NOTHING;
INSERT INTO compras (id, cliente_id, status_compra, valor_total, frete, data_compra, data_entrega_prevista, endereco_entrega_id) VALUES (2095, 1000, 'ENTREGUE', 479.7, 10.4, '2025-11-07 19:30:00', '2025-11-17', 1000) ON CONFLICT (id) DO NOTHING;
INSERT INTO itens_compra (id, compra_id, produto_id, quantidade, preco_unitario) VALUES (5164, 2095, 1004, 1, 179.9) ON CONFLICT (id) DO NOTHING;
INSERT INTO itens_compra (id, compra_id, produto_id, quantidade, preco_unitario) VALUES (5165, 2095, 1002, 2, 149.9) ON CONFLICT (id) DO NOTHING;
INSERT INTO pagamentos (id, compra_id, valor, forma_pagamento, data_pagamento) VALUES (6095, 2095, 479.7, 'CARTAO_CREDITO', '2025-11-07 19:30:00') ON CONFLICT (id) DO NOTHING;
INSERT INTO compras (id, cliente_id, status_compra, valor_total, frete, data_compra, data_entrega_prevista, endereco_entrega_id) VALUES (2096, 1000, 'ENTREGUE', 359.8, 10.24, '2025-11-10 11:23:00', '2025-11-20', 1000) ON CONFLICT (id) DO NOTHING;
INSERT INTO itens_compra (id, compra_id, produto_id, quantidade, preco_unitario) VALUES (5166, 2096, 1004, 2, 179.9) ON CONFLICT (id) DO NOTHING;
INSERT INTO pagamentos (id, compra_id, valor, forma_pagamento, data_pagamento) VALUES (6096, 2096, 359.8, 'CARTAO_CREDITO', '2025-11-10 11:23:00') ON CONFLICT (id) DO NOTHING;
INSERT INTO compras (id, cliente_id, status_compra, valor_total, frete, data_compra, data_entrega_prevista, endereco_entrega_id) VALUES (2097, 1000, 'ENTREGUE', 1399.6, 10.5, '2025-11-09 08:03:00', '2025-11-19', 1000) ON CONFLICT (id) DO NOTHING;
INSERT INTO itens_compra (id, compra_id, produto_id, quantidade, preco_unitario) VALUES (5167, 2097, 1001, 4, 349.9) ON CONFLICT (id) DO NOTHING;
INSERT INTO pagamentos (id, compra_id, valor, forma_pagamento, data_pagamento) VALUES (6097, 2097, 1399.6, 'CARTAO_CREDITO', '2025-11-09 08:03:00') ON CONFLICT (id) DO NOTHING;
INSERT INTO compras (id, cliente_id, status_compra, valor_total, frete, data_compra, data_entrega_prevista, endereco_entrega_id) VALUES (2098, 1000, 'ENTREGUE', 869.7, 11.8, '2025-11-04 08:36:00', '2025-11-14', 1000) ON CONFLICT (id) DO NOTHING;
INSERT INTO itens_compra (id, compra_id, produto_id, quantidade, preco_unitario) VALUES (5168, 2098, 1003, 3, 289.9) ON CONFLICT (id) DO NOTHING;
INSERT INTO pagamentos (id, compra_id, valor, forma_pagamento, data_pagamento) VALUES (6098, 2098, 869.7, 'CARTAO_CREDITO', '2025-11-04 08:36:00') ON CONFLICT (id) DO NOTHING;
INSERT INTO compras (id, cliente_id, status_compra, valor_total, frete, data_compra, data_entrega_prevista, endereco_entrega_id) VALUES (2099, 1000, 'ENTREGUE', 19999.6, 12.8, '2025-11-06 08:16:00', '2025-11-16', 1000) ON CONFLICT (id) DO NOTHING;
INSERT INTO itens_compra (id, compra_id, produto_id, quantidade, preco_unitario) VALUES (5169, 2099, 1000, 4, 4999.9) ON CONFLICT (id) DO NOTHING;
INSERT INTO pagamentos (id, compra_id, valor, forma_pagamento, data_pagamento) VALUES (6099, 2099, 19999.6, 'CARTAO_CREDITO', '2025-11-06 08:16:00') ON CONFLICT (id) DO NOTHING;
INSERT INTO compras (id, cliente_id, status_compra, valor_total, frete, data_compra, data_entrega_prevista, endereco_entrega_id) VALUES (2100, 1000, 'ENTREGUE', 1229.6, 10.74, '2025-11-16 09:36:00', '2025-11-26', 1000) ON CONFLICT (id) DO NOTHING;
INSERT INTO itens_compra (id, compra_id, produto_id, quantidade, preco_unitario) VALUES (5170, 2100, 1001, 3, 349.9) ON CONFLICT (id) DO NOTHING;
INSERT INTO itens_compra (id, compra_id, produto_id, quantidade, preco_unitario) VALUES (5171, 2100, 1004, 1, 179.9) ON CONFLICT (id) DO NOTHING;
INSERT INTO pagamentos (id, compra_id, valor, forma_pagamento, data_pagamento) VALUES (6100, 2100, 1229.6, 'CARTAO_CREDITO', '2025-11-16 09:36:00') ON CONFLICT (id) DO NOTHING;
INSERT INTO compras (id, cliente_id, status_compra, valor_total, frete, data_compra, data_entrega_prevista, endereco_entrega_id) VALUES (2101, 1000, 'EM_TRANSITO', 359.8, 10.24, '2025-11-08 09:35:00', '2025-11-18', 1000) ON CONFLICT (id) DO NOTHING;
INSERT INTO itens_compra (id, compra_id, produto_id, quantidade, preco_unitario) VALUES (5172, 2101, 1004, 2, 179.9) ON CONFLICT (id) DO NOTHING;
INSERT INTO pagamentos (id, compra_id, valor, forma_pagamento, data_pagamento) VALUES (6101, 2101, 359.8, 'CARTAO_CREDITO', '2025-11-08 09:35:00') ON CONFLICT (id) DO NOTHING;
INSERT INTO compras (id, cliente_id, status_compra, valor_total, frete, data_compra, data_entrega_prevista, endereco_entrega_id) VALUES (2102, 1000, 'ENTREGUE', 1139.6, 12.46, '2025-11-25 16:24:00', '2025-11-28', 1000) ON CONFLICT (id) DO NOTHING;
INSERT INTO itens_compra (id, compra_id, produto_id, quantidade, preco_unitario) VALUES (5173, 2102, 1002, 1, 149.9) ON CONFLICT (id) DO NOTHING;
INSERT INTO itens_compra (id, compra_id, produto_id, quantidade, preco_unitario) VALUES (5174, 2102, 1003, 1, 289.9) ON CONFLICT (id) DO NOTHING;
INSERT INTO itens_compra (id, compra_id, produto_id, quantidade, preco_unitario) VALUES (5175, 2102, 1001, 2, 349.9) ON CONFLICT (id) DO NOTHING;
INSERT INTO pagamentos (id, compra_id, valor, forma_pagamento, data_pagamento) VALUES (6102, 2102, 1139.6, 'CARTAO_CREDITO', '2025-11-25 16:24:00') ON CONFLICT (id) DO NOTHING;
INSERT INTO compras (id, cliente_id, status_compra, valor_total, frete, data_compra, data_entrega_prevista, endereco_entrega_id) VALUES (2103, 1000, 'ENTREGUE', 699.8, 10.5, '2025-11-21 11:16:00', '2025-11-28', 1000) ON CONFLICT (id) DO NOTHING;
INSERT INTO itens_compra (id, compra_id, produto_id, quantidade, preco_unitario) VALUES (5176, 2103, 1001, 2, 349.9) ON CONFLICT (id) DO NOTHING;
INSERT INTO pagamentos (id, compra_id, valor, forma_pagamento, data_pagamento) VALUES (6103, 2103, 699.8, 'CARTAO_CREDITO', '2025-11-21 11:16:00') ON CONFLICT (id) DO NOTHING;
INSERT INTO compras (id, cliente_id, status_compra, valor_total, frete, data_compra, data_entrega_prevista, endereco_entrega_id) VALUES (2104, 1000, 'ENTREGUE', 719.6, 10.24, '2025-11-18 09:10:00', '2025-11-28', 1000) ON CONFLICT (id) DO NOTHING;
INSERT INTO itens_compra (id, compra_id, produto_id, quantidade, preco_unitario) VALUES (5177, 2104, 1004, 4, 179.9) ON CONFLICT (id) DO NOTHING;
INSERT INTO pagamentos (id, compra_id, valor, forma_pagamento, data_pagamento) VALUES (6104, 2104, 719.6, 'CARTAO_CREDITO', '2025-11-18 09:10:00') ON CONFLICT (id) DO NOTHING;
INSERT INTO compras (id, cliente_id, status_compra, valor_total, frete, data_compra, data_entrega_prevista, endereco_entrega_id) VALUES (2105, 1000, 'APROVADA', 289.9, 11.8, '2025-12-02 11:18:00', '2025-12-12', 1000) ON CONFLICT (id) DO NOTHING;
INSERT INTO itens_compra (id, compra_id, produto_id, quantidade, preco_unitario) VALUES (5178, 2105, 1003, 1, 289.9) ON CONFLICT (id) DO NOTHING;
INSERT INTO pagamentos (id, compra_id, valor, forma_pagamento, data_pagamento) VALUES (6105, 2105, 289.9, 'CARTAO_CREDITO', '2025-12-02 11:18:00') ON CONFLICT (id) DO NOTHING;
INSERT INTO compras (id, cliente_id, status_compra, valor_total, frete, data_compra, data_entrega_prevista, endereco_entrega_id) VALUES (2106, 1000, 'ENTREGUE', 1069.5, 10.74, '2025-12-22 11:59:00', '2025-12-28', 1000) ON CONFLICT (id) DO NOTHING;
INSERT INTO itens_compra (id, compra_id, produto_id, quantidade, preco_unitario) VALUES (5179, 2106, 1004, 4, 179.9) ON CONFLICT (id) DO NOTHING;
INSERT INTO itens_compra (id, compra_id, produto_id, quantidade, preco_unitario) VALUES (5180, 2106, 1001, 1, 349.9) ON CONFLICT (id) DO NOTHING;
INSERT INTO pagamentos (id, compra_id, valor, forma_pagamento, data_pagamento) VALUES (6106, 2106, 1069.5, 'CARTAO_CREDITO', '2025-12-22 11:59:00') ON CONFLICT (id) DO NOTHING;
INSERT INTO compras (id, cliente_id, status_compra, valor_total, frete, data_compra, data_entrega_prevista, endereco_entrega_id) VALUES (2107, 1000, 'ENTREGUE', 16569.2, 15.1, '2025-12-18 11:41:00', '2025-12-28', 1000) ON CONFLICT (id) DO NOTHING;
INSERT INTO itens_compra (id, compra_id, produto_id, quantidade, preco_unitario) VALUES (5181, 2107, 1001, 2, 349.9) ON CONFLICT (id) DO NOTHING;
INSERT INTO itens_compra (id, compra_id, produto_id, quantidade, preco_unitario) VALUES (5182, 2107, 1000, 3, 4999.9) ON CONFLICT (id) DO NOTHING;
INSERT INTO itens_compra (id, compra_id, produto_id, quantidade, preco_unitario) VALUES (5183, 2107, 1003, 3, 289.9) ON CONFLICT (id) DO NOTHING;
INSERT INTO pagamentos (id, compra_id, valor, forma_pagamento, data_pagamento) VALUES (6107, 2107, 16569.2, 'CARTAO_CREDITO', '2025-12-18 11:41:00') ON CONFLICT (id) DO NOTHING;
INSERT INTO compras (id, cliente_id, status_compra, valor_total, frete, data_compra, data_entrega_prevista, endereco_entrega_id) VALUES (2108, 1000, 'APROVADA', 869.7, 11.8, '2025-12-15 09:29:00', '2025-12-25', 1000) ON CONFLICT (id) DO NOTHING;
INSERT INTO itens_compra (id, compra_id, produto_id, quantidade, preco_unitario) VALUES (5184, 2108, 1003, 3, 289.9) ON CONFLICT (id) DO NOTHING;
INSERT INTO pagamentos (id, compra_id, valor, forma_pagamento, data_pagamento) VALUES (6108, 2108, 869.7, 'CARTAO_CREDITO', '2025-12-15 09:29:00') ON CONFLICT (id) DO NOTHING;
INSERT INTO compras (id, cliente_id, status_compra, valor_total, frete, data_compra, data_entrega_prevista, endereco_entrega_id) VALUES (2109, 1000, 'ENTREGUE', 19999.6, 12.8, '2025-12-17 16:31:00', '2025-12-27', 1000) ON CONFLICT (id) DO NOTHING;
INSERT INTO itens_compra (id, compra_id, produto_id, quantidade, preco_unitario) VALUES (5185, 2109, 1000, 4, 4999.9) ON CONFLICT (id) DO NOTHING;
INSERT INTO pagamentos (id, compra_id, valor, forma_pagamento, data_pagamento) VALUES (6109, 2109, 19999.6, 'CARTAO_CREDITO', '2025-12-17 16:31:00') ON CONFLICT (id) DO NOTHING;
INSERT INTO compras (id, cliente_id, status_compra, valor_total, frete, data_compra, data_entrega_prevista, endereco_entrega_id) VALUES (2110, 1000, 'ENTREGUE', 349.9, 10.5, '2025-12-24 13:38:00', '2025-12-28', 1000) ON CONFLICT (id) DO NOTHING;
INSERT INTO itens_compra (id, compra_id, produto_id, quantidade, preco_unitario) VALUES (5186, 2110, 1001, 1, 349.9) ON CONFLICT (id) DO NOTHING;
INSERT INTO pagamentos (id, compra_id, valor, forma_pagamento, data_pagamento) VALUES (6110, 2110, 349.9, 'CARTAO_CREDITO', '2025-12-24 13:38:00') ON CONFLICT (id) DO NOTHING;
INSERT INTO compras (id, cliente_id, status_compra, valor_total, frete, data_compra, data_entrega_prevista, endereco_entrega_id) VALUES (2111, 1000, 'ENTREGUE', 2269.3, 12.3, '2025-12-25 18:52:00', '2025-12-28', 1000) ON CONFLICT (id) DO NOTHING;
INSERT INTO itens_compra (id, compra_id, produto_id, quantidade, preco_unitario) VALUES (5187, 2111, 1001, 4, 349.9) ON CONFLICT (id) DO NOTHING;
INSERT INTO itens_compra (id, compra_id, produto_id, quantidade, preco_unitario) VALUES (5188, 2111, 1003, 3, 289.9) ON CONFLICT (id) DO NOTHING;
INSERT INTO pagamentos (id, compra_id, valor, forma_pagamento, data_pagamento) VALUES (6111, 2111, 2269.3, 'CARTAO_CREDITO', '2025-12-25 18:52:00') ON CONFLICT (id) DO NOTHING;
INSERT INTO compras (id, cliente_id, status_compra, valor_total, frete, data_compra, data_entrega_prevista, endereco_entrega_id) VALUES (2112, 1000, 'ENTREGUE', 16159.3, 14.6, '2025-12-06 17:27:00', '2025-12-16', 1000) ON CONFLICT (id) DO NOTHING;
INSERT INTO itens_compra (id, compra_id, produto_id, quantidade, preco_unitario) VALUES (5189, 2112, 1000, 3, 4999.9) ON CONFLICT (id) DO NOTHING;
INSERT INTO itens_compra (id, compra_id, produto_id, quantidade, preco_unitario) VALUES (5190, 2112, 1003, 4, 289.9) ON CONFLICT (id) DO NOTHING;
INSERT INTO pagamentos (id, compra_id, valor, forma_pagamento, data_pagamento) VALUES (6112, 2112, 16159.3, 'CARTAO_CREDITO', '2025-12-06 17:27:00') ON CONFLICT (id) DO NOTHING;
INSERT INTO compras (id, cliente_id, status_compra, valor_total, frete, data_compra, data_entrega_prevista, endereco_entrega_id) VALUES (2113, 1000, 'ENTREGUE', 2188.9, 12.2, '2025-12-11 13:42:00', '2025-12-21', 1000) ON CONFLICT (id) DO NOTHING;
INSERT INTO itens_compra (id, compra_id, produto_id, quantidade, preco_unitario) VALUES (5191, 2113, 1002, 4, 149.9) ON CONFLICT (id) DO NOTHING;
INSERT INTO itens_compra (id, compra_id, produto_id, quantidade, preco_unitario) VALUES (5192, 2113, 1003, 3, 289.9) ON CONFLICT (id) DO NOTHING;
INSERT INTO itens_compra (id, compra_id, produto_id, quantidade, preco_unitario) VALUES (5193, 2113, 1004, 4, 179.9) ON CONFLICT (id) DO NOTHING;
INSERT INTO pagamentos (id, compra_id, valor, forma_pagamento, data_pagamento) VALUES (6113, 2113, 2188.9, 'CARTAO_CREDITO', '2025-12-11 13:42:00') ON CONFLICT (id) DO NOTHING;
INSERT INTO compras (id, cliente_id, status_compra, valor_total, frete, data_compra, data_entrega_prevista, endereco_entrega_id) VALUES (2114, 1000, 'ENTREGUE', 449.7, 10.16, '2025-12-27 20:35:00', '2025-12-28', 1000) ON CONFLICT (id) DO NOTHING;
INSERT INTO itens_compra (id, compra_id, produto_id, quantidade, preco_unitario) VALUES (5194, 2114, 1002, 3, 149.9) ON CONFLICT (id) DO NOTHING;
INSERT INTO pagamentos (id, compra_id, valor, forma_pagamento, data_pagamento) VALUES (6114, 2114, 449.7, 'CARTAO_CREDITO', '2025-12-27 20:35:00') ON CONFLICT (id) DO NOTHING;
INSERT INTO compras (id, cliente_id, status_compra, valor_total, frete, data_compra, data_entrega_prevista, endereco_entrega_id) VALUES (2115, 1000, 'ENTREGUE', 6629.4, 15.1, '2025-12-11 09:49:00', '2025-12-21', 1000) ON CONFLICT (id) DO NOTHING;
INSERT INTO itens_compra (id, compra_id, produto_id, quantidade, preco_unitario) VALUES (5195, 2115, 1000, 1, 4999.9) ON CONFLICT (id) DO NOTHING;
INSERT INTO itens_compra (id, compra_id, produto_id, quantidade, preco_unitario) VALUES (5196, 2115, 1003, 2, 289.9) ON CONFLICT (id) DO NOTHING;
INSERT INTO itens_compra (id, compra_id, produto_id, quantidade, preco_unitario) VALUES (5197, 2115, 1001, 3, 349.9) ON CONFLICT (id) DO NOTHING;
INSERT INTO pagamentos (id, compra_id, valor, forma_pagamento, data_pagamento) VALUES (6115, 2115, 6629.4, 'CARTAO_CREDITO', '2025-12-11 09:49:00') ON CONFLICT (id) DO NOTHING;
INSERT INTO compras (id, cliente_id, status_compra, valor_total, frete, data_compra, data_entrega_prevista, endereco_entrega_id) VALUES (2116, 1000, 'ENTREGUE', 9999.8, 12.8, '2025-12-20 20:31:00', '2025-12-28', 1000) ON CONFLICT (id) DO NOTHING;
INSERT INTO itens_compra (id, compra_id, produto_id, quantidade, preco_unitario) VALUES (5198, 2116, 1000, 2, 4999.9) ON CONFLICT (id) DO NOTHING;
INSERT INTO pagamentos (id, compra_id, valor, forma_pagamento, data_pagamento) VALUES (6116, 2116, 9999.8, 'CARTAO_CREDITO', '2025-12-20 20:31:00') ON CONFLICT (id) DO NOTHING;
INSERT INTO compras (id, cliente_id, status_compra, valor_total, frete, data_compra, data_entrega_prevista, endereco_entrega_id) VALUES (2117, 1000, 'ENTREGUE', 289.9, 11.8, '2025-12-09 16:08:00', '2025-12-19', 1000) ON CONFLICT (id) DO NOTHING;
INSERT INTO itens_compra (id, compra_id, produto_id, quantidade, preco_unitario) VALUES (5199, 2117, 1003, 1, 289.9) ON CONFLICT (id) DO NOTHING;
INSERT INTO pagamentos (id, compra_id, valor, forma_pagamento, data_pagamento) VALUES (6117, 2117, 289.9, 'CARTAO_CREDITO', '2025-12-09 16:08:00') ON CONFLICT (id) DO NOTHING;
INSERT INTO compras (id, cliente_id, status_compra, valor_total, frete, data_compra, data_entrega_prevista, endereco_entrega_id) VALUES (2118, 1000, 'ENTREGUE', 5599.5, 12.96, '2025-12-01 18:38:00', '2025-12-11', 1000) ON CONFLICT (id) DO NOTHING;
INSERT INTO itens_compra (id, compra_id, produto_id, quantidade, preco_unitario) VALUES (5200, 2118, 1002, 4, 149.9) ON CONFLICT (id) DO NOTHING;
INSERT INTO itens_compra (id, compra_id, produto_id, quantidade, preco_unitario) VALUES (5201, 2118, 1000, 1, 4999.9) ON CONFLICT (id) DO NOTHING;
INSERT INTO pagamentos (id, compra_id, valor, forma_pagamento, data_pagamento) VALUES (6118, 2118, 5599.5, 'CARTAO_CREDITO', '2025-12-01 18:38:00') ON CONFLICT (id) DO NOTHING;
INSERT INTO compras (id, cliente_id, status_compra, valor_total, frete, data_compra, data_entrega_prevista, endereco_entrega_id) VALUES (2119, 1000, 'ENTREGUE', 1919.4, 12.3, '2025-12-08 09:29:00', '2025-12-18', 1000) ON CONFLICT (id) DO NOTHING;
INSERT INTO itens_compra (id, compra_id, produto_id, quantidade, preco_unitario) VALUES (5202, 2119, 1001, 3, 349.9) ON CONFLICT (id) DO NOTHING;
INSERT INTO itens_compra (id, compra_id, produto_id, quantidade, preco_unitario) VALUES (5203, 2119, 1003, 3, 289.9) ON CONFLICT (id) DO NOTHING;
INSERT INTO pagamentos (id, compra_id, valor, forma_pagamento, data_pagamento) VALUES (6119, 2119, 1919.4, 'CARTAO_CREDITO', '2025-12-08 09:29:00') ON CONFLICT (id) DO NOTHING;
INSERT INTO compras (id, cliente_id, status_compra, valor_total, frete, data_compra, data_entrega_prevista, endereco_entrega_id) VALUES (2120, 1000, 'ENTREGUE', 1399.6, 10.5, '2025-12-14 15:30:00', '2025-12-24', 1000) ON CONFLICT (id) DO NOTHING;
INSERT INTO itens_compra (id, compra_id, produto_id, quantidade, preco_unitario) VALUES (5204, 2120, 1001, 4, 349.9) ON CONFLICT (id) DO NOTHING;
INSERT INTO pagamentos (id, compra_id, valor, forma_pagamento, data_pagamento) VALUES (6120, 2120, 1399.6, 'CARTAO_CREDITO', '2025-12-14 15:30:00') ON CONFLICT (id) DO NOTHING;
INSERT INTO compras (id, cliente_id, status_compra, valor_total, frete, data_compra, data_entrega_prevista, endereco_entrega_id) VALUES (2121, 1000, 'ENTREGUE', 1789.3, 12.46, '2026-01-20 16:47:00', '2026-01-28', 1000) ON CONFLICT (id) DO NOTHING;
INSERT INTO itens_compra (id, compra_id, produto_id, quantidade, preco_unitario) VALUES (5205, 2121, 1002, 3, 149.9) ON CONFLICT (id) DO NOTHING;
INSERT INTO itens_compra (id, compra_id, produto_id, quantidade, preco_unitario) VALUES (5206, 2121, 1003, 1, 289.9) ON CONFLICT (id) DO NOTHING;
INSERT INTO itens_compra (id, compra_id, produto_id, quantidade, preco_unitario) VALUES (5207, 2121, 1001, 3, 349.9) ON CONFLICT (id) DO NOTHING;
INSERT INTO pagamentos (id, compra_id, valor, forma_pagamento, data_pagamento) VALUES (6121, 2121, 1789.3, 'CARTAO_CREDITO', '2026-01-20 16:47:00') ON CONFLICT (id) DO NOTHING;
INSERT INTO compras (id, cliente_id, status_compra, valor_total, frete, data_compra, data_entrega_prevista, endereco_entrega_id) VALUES (2122, 1000, 'ENTREGUE', 2559.2, 12.3, '2026-01-24 12:53:00', '2026-01-28', 1000) ON CONFLICT (id) DO NOTHING;
INSERT INTO itens_compra (id, compra_id, produto_id, quantidade, preco_unitario) VALUES (5208, 2122, 1003, 4, 289.9) ON CONFLICT (id) DO NOTHING;
INSERT INTO itens_compra (id, compra_id, produto_id, quantidade, preco_unitario) VALUES (5209, 2122, 1001, 4, 349.9) ON CONFLICT (id) DO NOTHING;
INSERT INTO pagamentos (id, compra_id, valor, forma_pagamento, data_pagamento) VALUES (6122, 2122, 2559.2, 'CARTAO_CREDITO', '2026-01-24 12:53:00') ON CONFLICT (id) DO NOTHING;
INSERT INTO compras (id, cliente_id, status_compra, valor_total, frete, data_compra, data_entrega_prevista, endereco_entrega_id) VALUES (2123, 1000, 'EM_TRANSITO', 879.6, 11.96, '2026-01-12 13:35:00', '2026-01-22', 1000) ON CONFLICT (id) DO NOTHING;
INSERT INTO itens_compra (id, compra_id, produto_id, quantidade, preco_unitario) VALUES (5210, 2123, 1003, 2, 289.9) ON CONFLICT (id) DO NOTHING;
INSERT INTO itens_compra (id, compra_id, produto_id, quantidade, preco_unitario) VALUES (5211, 2123, 1002, 2, 149.9) ON CONFLICT (id) DO NOTHING;
INSERT INTO pagamentos (id, compra_id, valor, forma_pagamento, data_pagamento) VALUES (6123, 2123, 879.6, 'CARTAO_CREDITO', '2026-01-12 13:35:00') ON CONFLICT (id) DO NOTHING;
INSERT INTO compras (id, cliente_id, status_compra, valor_total, frete, data_compra, data_entrega_prevista, endereco_entrega_id) VALUES (2124, 1000, 'EM_TRANSITO', 599.6, 10.16, '2026-01-19 14:14:00', '2026-01-28', 1000) ON CONFLICT (id) DO NOTHING;
INSERT INTO itens_compra (id, compra_id, produto_id, quantidade, preco_unitario) VALUES (5212, 2124, 1002, 4, 149.9) ON CONFLICT (id) DO NOTHING;
INSERT INTO pagamentos (id, compra_id, valor, forma_pagamento, data_pagamento) VALUES (6124, 2124, 599.6, 'CARTAO_CREDITO', '2026-01-19 14:14:00') ON CONFLICT (id) DO NOTHING;
INSERT INTO compras (id, cliente_id, status_compra, valor_total, frete, data_compra, data_entrega_prevista, endereco_entrega_id) VALUES (2125, 1000, 'ENTREGUE', 6569.4, 15.1, '2026-01-23 20:24:00', '2026-01-28', 1000) ON CONFLICT (id) DO NOTHING;
INSERT INTO itens_compra (id, compra_id, produto_id, quantidade, preco_unitario) VALUES (5213, 2125, 1001, 2, 349.9) ON CONFLICT (id) DO NOTHING;
INSERT INTO itens_compra (id, compra_id, produto_id, quantidade, preco_unitario) VALUES (5214, 2125, 1003, 3, 289.9) ON CONFLICT (id) DO NOTHING;
INSERT INTO itens_compra (id, compra_id, produto_id, quantidade, preco_unitario) VALUES (5215, 2125, 1000, 1, 4999.9) ON CONFLICT (id) DO NOTHING;
INSERT INTO pagamentos (id, compra_id, valor, forma_pagamento, data_pagamento) VALUES (6125, 2125, 6569.4, 'CARTAO_CREDITO', '2026-01-23 20:24:00') ON CONFLICT (id) DO NOTHING;
INSERT INTO compras (id, cliente_id, status_compra, valor_total, frete, data_compra, data_entrega_prevista, endereco_entrega_id) VALUES (2126, 1000, 'ENTREGUE', 11509.3, 15.1, '2026-01-28 15:06:00', '2026-01-28', 1000) ON CONFLICT (id) DO NOTHING;
INSERT INTO itens_compra (id, compra_id, produto_id, quantidade, preco_unitario) VALUES (5216, 2126, 1000, 2, 4999.9) ON CONFLICT (id) DO NOTHING;
INSERT INTO itens_compra (id, compra_id, produto_id, quantidade, preco_unitario) VALUES (5217, 2126, 1001, 1, 349.9) ON CONFLICT (id) DO NOTHING;
INSERT INTO itens_compra (id, compra_id, produto_id, quantidade, preco_unitario) VALUES (5218, 2126, 1003, 4, 289.9) ON CONFLICT (id) DO NOTHING;
INSERT INTO pagamentos (id, compra_id, valor, forma_pagamento, data_pagamento) VALUES (6126, 2126, 11509.3, 'CARTAO_CREDITO', '2026-01-28 15:06:00') ON CONFLICT (id) DO NOTHING;
INSERT INTO compras (id, cliente_id, status_compra, valor_total, frete, data_compra, data_entrega_prevista, endereco_entrega_id) VALUES (2127, 1000, 'ENTREGUE', 20449.3, 12.96, '2026-01-26 12:21:00', '2026-01-28', 1000) ON CONFLICT (id) DO NOTHING;
INSERT INTO itens_compra (id, compra_id, produto_id, quantidade, preco_unitario) VALUES (5219, 2127, 1000, 4, 4999.9) ON CONFLICT (id) DO NOTHING;
INSERT INTO itens_compra (id, compra_id, produto_id, quantidade, preco_unitario) VALUES (5220, 2127, 1002, 3, 149.9) ON CONFLICT (id) DO NOTHING;
INSERT INTO pagamentos (id, compra_id, valor, forma_pagamento, data_pagamento) VALUES (6127, 2127, 20449.3, 'CARTAO_CREDITO', '2026-01-26 12:21:00') ON CONFLICT (id) DO NOTHING;
INSERT INTO compras (id, cliente_id, status_compra, valor_total, frete, data_compra, data_entrega_prevista, endereco_entrega_id) VALUES (2128, 1000, 'EM_TRANSITO', 179.9, 10.24, '2026-01-21 19:56:00', '2026-01-28', 1000) ON CONFLICT (id) DO NOTHING;
INSERT INTO itens_compra (id, compra_id, produto_id, quantidade, preco_unitario) VALUES (5221, 2128, 1004, 1, 179.9) ON CONFLICT (id) DO NOTHING;
INSERT INTO pagamentos (id, compra_id, valor, forma_pagamento, data_pagamento) VALUES (6128, 2128, 179.9, 'CARTAO_CREDITO', '2026-01-21 19:56:00') ON CONFLICT (id) DO NOTHING;
INSERT INTO compras (id, cliente_id, status_compra, valor_total, frete, data_compra, data_entrega_prevista, endereco_entrega_id) VALUES (2129, 1000, 'ENTREGUE', 1549.5, 10.66, '2026-01-20 09:15:00', '2026-01-28', 1000) ON CONFLICT (id) DO NOTHING;
INSERT INTO itens_compra (id, compra_id, produto_id, quantidade, preco_unitario) VALUES (5222, 2129, 1002, 1, 149.9) ON CONFLICT (id) DO NOTHING;
INSERT INTO itens_compra (id, compra_id, produto_id, quantidade, preco_unitario) VALUES (5223, 2129, 1001, 4, 349.9) ON CONFLICT (id) DO NOTHING;
INSERT INTO pagamentos (id, compra_id, valor, forma_pagamento, data_pagamento) VALUES (6129, 2129, 1549.5, 'CARTAO_CREDITO', '2026-01-20 09:15:00') ON CONFLICT (id) DO NOTHING;
INSERT INTO compras (id, cliente_id, status_compra, valor_total, frete, data_compra, data_entrega_prevista, endereco_entrega_id) VALUES (2130, 1000, 'APROVADA', 1369.5, 12.46, '2026-01-04 20:40:00', '2026-01-14', 1000) ON CONFLICT (id) DO NOTHING;
INSERT INTO itens_compra (id, compra_id, produto_id, quantidade, preco_unitario) VALUES (5224, 2130, 1003, 3, 289.9) ON CONFLICT (id) DO NOTHING;
INSERT INTO itens_compra (id, compra_id, produto_id, quantidade, preco_unitario) VALUES (5225, 2130, 1001, 1, 349.9) ON CONFLICT (id) DO NOTHING;
INSERT INTO itens_compra (id, compra_id, produto_id, quantidade, preco_unitario) VALUES (5226, 2130, 1002, 1, 149.9) ON CONFLICT (id) DO NOTHING;
INSERT INTO pagamentos (id, compra_id, valor, forma_pagamento, data_pagamento) VALUES (6130, 2130, 1369.5, 'CARTAO_CREDITO', '2026-01-04 20:40:00') ON CONFLICT (id) DO NOTHING;
INSERT INTO compras (id, cliente_id, status_compra, valor_total, frete, data_compra, data_entrega_prevista, endereco_entrega_id) VALUES (2131, 1000, 'ENTREGUE', 579.8, 11.8, '2026-01-11 20:03:00', '2026-01-21', 1000) ON CONFLICT (id) DO NOTHING;
INSERT INTO itens_compra (id, compra_id, produto_id, quantidade, preco_unitario) VALUES (5227, 2131, 1003, 2, 289.9) ON CONFLICT (id) DO NOTHING;
INSERT INTO pagamentos (id, compra_id, valor, forma_pagamento, data_pagamento) VALUES (6131, 2131, 579.8, 'CARTAO_CREDITO', '2026-01-11 20:03:00') ON CONFLICT (id) DO NOTHING;
INSERT INTO compras (id, cliente_id, status_compra, valor_total, frete, data_compra, data_entrega_prevista, endereco_entrega_id) VALUES (2132, 1000, 'ENTREGUE', 879.7, 10.74, '2026-01-08 16:26:00', '2026-01-18', 1000) ON CONFLICT (id) DO NOTHING;
INSERT INTO itens_compra (id, compra_id, produto_id, quantidade, preco_unitario) VALUES (5228, 2132, 1001, 2, 349.9) ON CONFLICT (id) DO NOTHING;
INSERT INTO itens_compra (id, compra_id, produto_id, quantidade, preco_unitario) VALUES (5229, 2132, 1004, 1, 179.9) ON CONFLICT (id) DO NOTHING;
INSERT INTO pagamentos (id, compra_id, valor, forma_pagamento, data_pagamento) VALUES (6132, 2132, 879.7, 'CARTAO_CREDITO', '2026-01-08 16:26:00') ON CONFLICT (id) DO NOTHING;
INSERT INTO compras (id, cliente_id, status_compra, valor_total, frete, data_compra, data_entrega_prevista, endereco_entrega_id) VALUES (2133, 1000, 'APROVADA', 359.8, 10.24, '2026-01-20 14:39:00', '2026-01-28', 1000) ON CONFLICT (id) DO NOTHING;
INSERT INTO itens_compra (id, compra_id, produto_id, quantidade, preco_unitario) VALUES (5230, 2133, 1004, 2, 179.9) ON CONFLICT (id) DO NOTHING;
INSERT INTO pagamentos (id, compra_id, valor, forma_pagamento, data_pagamento) VALUES (6133, 2133, 359.8, 'CARTAO_CREDITO', '2026-01-20 14:39:00') ON CONFLICT (id) DO NOTHING;
INSERT INTO compras (id, cliente_id, status_compra, valor_total, frete, data_compra, data_entrega_prevista, endereco_entrega_id) VALUES (2134, 1000, 'ENTREGUE', 19999.6, 12.8, '2026-01-08 15:40:00', '2026-01-18', 1000) ON CONFLICT (id) DO NOTHING;
INSERT INTO itens_compra (id, compra_id, produto_id, quantidade, preco_unitario) VALUES (5231, 2134, 1000, 4, 4999.9) ON CONFLICT (id) DO NOTHING;
INSERT INTO pagamentos (id, compra_id, valor, forma_pagamento, data_pagamento) VALUES (6134, 2134, 19999.6, 'CARTAO_CREDITO', '2026-01-08 15:40:00') ON CONFLICT (id) DO NOTHING;
INSERT INTO compras (id, cliente_id, status_compra, valor_total, frete, data_compra, data_entrega_prevista, endereco_entrega_id) VALUES (2135, 1000, 'ENTREGUE', 449.7, 10.16, '2026-01-10 18:34:00', '2026-01-20', 1000) ON CONFLICT (id) DO NOTHING;
INSERT INTO itens_compra (id, compra_id, produto_id, quantidade, preco_unitario) VALUES (5232, 2135, 1002, 3, 149.9) ON CONFLICT (id) DO NOTHING;
INSERT INTO pagamentos (id, compra_id, valor, forma_pagamento, data_pagamento) VALUES (6135, 2135, 449.7, 'CARTAO_CREDITO', '2026-01-10 18:34:00') ON CONFLICT (id) DO NOTHING;
INSERT INTO compras (id, cliente_id, status_compra, valor_total, frete, data_compra, data_entrega_prevista, endereco_entrega_id) VALUES (2136, 1000, 'ENTREGUE', 1159.6, 11.8, '2026-02-23 12:29:00', '2026-02-28', 1000) ON CONFLICT (id) DO NOTHING;
INSERT INTO itens_compra (id, compra_id, produto_id, quantidade, preco_unitario) VALUES (5233, 2136, 1003, 4, 289.9) ON CONFLICT (id) DO NOTHING;
INSERT INTO pagamentos (id, compra_id, valor, forma_pagamento, data_pagamento) VALUES (6136, 2136, 1159.6, 'CARTAO_CREDITO', '2026-02-23 12:29:00') ON CONFLICT (id) DO NOTHING;
INSERT INTO compras (id, cliente_id, status_compra, valor_total, frete, data_compra, data_entrega_prevista, endereco_entrega_id) VALUES (2137, 1000, 'ENTREGUE', 449.7, 10.16, '2026-02-04 11:24:00', '2026-02-14', 1000) ON CONFLICT (id) DO NOTHING;
INSERT INTO itens_compra (id, compra_id, produto_id, quantidade, preco_unitario) VALUES (5234, 2137, 1002, 3, 149.9) ON CONFLICT (id) DO NOTHING;
INSERT INTO pagamentos (id, compra_id, valor, forma_pagamento, data_pagamento) VALUES (6137, 2137, 449.7, 'CARTAO_CREDITO', '2026-02-04 11:24:00') ON CONFLICT (id) DO NOTHING;
INSERT INTO compras (id, cliente_id, status_compra, valor_total, frete, data_compra, data_entrega_prevista, endereco_entrega_id) VALUES (2138, 1000, 'ENTREGUE', 19999.6, 12.8, '2026-02-01 18:25:00', '2026-02-11', 1000) ON CONFLICT (id) DO NOTHING;
INSERT INTO itens_compra (id, compra_id, produto_id, quantidade, preco_unitario) VALUES (5235, 2138, 1000, 4, 4999.9) ON CONFLICT (id) DO NOTHING;
INSERT INTO pagamentos (id, compra_id, valor, forma_pagamento, data_pagamento) VALUES (6138, 2138, 19999.6, 'CARTAO_CREDITO', '2026-02-01 18:25:00') ON CONFLICT (id) DO NOTHING;
INSERT INTO compras (id, cliente_id, status_compra, valor_total, frete, data_compra, data_entrega_prevista, endereco_entrega_id) VALUES (2139, 1000, 'ENTREGUE', 1349.5, 10.66, '2026-02-27 12:49:00', '2026-02-28', 1000) ON CONFLICT (id) DO NOTHING;
INSERT INTO itens_compra (id, compra_id, produto_id, quantidade, preco_unitario) VALUES (5236, 2139, 1002, 2, 149.9) ON CONFLICT (id) DO NOTHING;
INSERT INTO itens_compra (id, compra_id, produto_id, quantidade, preco_unitario) VALUES (5237, 2139, 1001, 3, 349.9) ON CONFLICT (id) DO NOTHING;
INSERT INTO pagamentos (id, compra_id, valor, forma_pagamento, data_pagamento) VALUES (6139, 2139, 1349.5, 'CARTAO_CREDITO', '2026-02-27 12:49:00') ON CONFLICT (id) DO NOTHING;
INSERT INTO compras (id, cliente_id, status_compra, valor_total, frete, data_compra, data_entrega_prevista, endereco_entrega_id) VALUES (2140, 1000, 'EM_TRANSITO', 15349.6, 13.3, '2026-02-22 20:46:00', '2026-02-28', 1000) ON CONFLICT (id) DO NOTHING;
INSERT INTO itens_compra (id, compra_id, produto_id, quantidade, preco_unitario) VALUES (5238, 2140, 1001, 1, 349.9) ON CONFLICT (id) DO NOTHING;
INSERT INTO itens_compra (id, compra_id, produto_id, quantidade, preco_unitario) VALUES (5239, 2140, 1000, 3, 4999.9) ON CONFLICT (id) DO NOTHING;
INSERT INTO pagamentos (id, compra_id, valor, forma_pagamento, data_pagamento) VALUES (6140, 2140, 15349.6, 'CARTAO_CREDITO', '2026-02-22 20:46:00') ON CONFLICT (id) DO NOTHING;
INSERT INTO compras (id, cliente_id, status_compra, valor_total, frete, data_compra, data_entrega_prevista, endereco_entrega_id) VALUES (2141, 1000, 'ENTREGUE', 349.9, 10.5, '2026-02-26 15:02:00', '2026-02-28', 1000) ON CONFLICT (id) DO NOTHING;
INSERT INTO itens_compra (id, compra_id, produto_id, quantidade, preco_unitario) VALUES (5240, 2141, 1001, 1, 349.9) ON CONFLICT (id) DO NOTHING;
INSERT INTO pagamentos (id, compra_id, valor, forma_pagamento, data_pagamento) VALUES (6141, 2141, 349.9, 'CARTAO_CREDITO', '2026-02-26 15:02:00') ON CONFLICT (id) DO NOTHING;
INSERT INTO compras (id, cliente_id, status_compra, valor_total, frete, data_compra, data_entrega_prevista, endereco_entrega_id) VALUES (2142, 1000, 'ENTREGUE', 1049.7, 10.5, '2026-02-10 13:47:00', '2026-02-20', 1000) ON CONFLICT (id) DO NOTHING;
INSERT INTO itens_compra (id, compra_id, produto_id, quantidade, preco_unitario) VALUES (5241, 2142, 1001, 3, 349.9) ON CONFLICT (id) DO NOTHING;
INSERT INTO pagamentos (id, compra_id, valor, forma_pagamento, data_pagamento) VALUES (6142, 2142, 1049.7, 'CARTAO_CREDITO', '2026-02-10 13:47:00') ON CONFLICT (id) DO NOTHING;
INSERT INTO compras (id, cliente_id, status_compra, valor_total, frete, data_compra, data_entrega_prevista, endereco_entrega_id) VALUES (2143, 1000, 'ENTREGUE', 1319.4, 11.96, '2026-02-17 16:58:00', '2026-02-27', 1000) ON CONFLICT (id) DO NOTHING;
INSERT INTO itens_compra (id, compra_id, produto_id, quantidade, preco_unitario) VALUES (5242, 2143, 1002, 3, 149.9) ON CONFLICT (id) DO NOTHING;
INSERT INTO itens_compra (id, compra_id, produto_id, quantidade, preco_unitario) VALUES (5243, 2143, 1003, 3, 289.9) ON CONFLICT (id) DO NOTHING;
INSERT INTO pagamentos (id, compra_id, valor, forma_pagamento, data_pagamento) VALUES (6143, 2143, 1319.4, 'CARTAO_CREDITO', '2026-02-17 16:58:00') ON CONFLICT (id) DO NOTHING;
INSERT INTO compras (id, cliente_id, status_compra, valor_total, frete, data_compra, data_entrega_prevista, endereco_entrega_id) VALUES (2144, 1000, 'ENTREGUE', 1399.6, 10.5, '2026-02-26 09:29:00', '2026-02-28', 1000) ON CONFLICT (id) DO NOTHING;
INSERT INTO itens_compra (id, compra_id, produto_id, quantidade, preco_unitario) VALUES (5244, 2144, 1001, 4, 349.9) ON CONFLICT (id) DO NOTHING;
INSERT INTO pagamentos (id, compra_id, valor, forma_pagamento, data_pagamento) VALUES (6144, 2144, 1399.6, 'CARTAO_CREDITO', '2026-02-26 09:29:00') ON CONFLICT (id) DO NOTHING;
INSERT INTO compras (id, cliente_id, status_compra, valor_total, frete, data_compra, data_entrega_prevista, endereco_entrega_id) VALUES (2145, 1000, 'ENTREGUE', 289.9, 11.8, '2026-02-28 20:35:00', '2026-02-28', 1000) ON CONFLICT (id) DO NOTHING;
INSERT INTO itens_compra (id, compra_id, produto_id, quantidade, preco_unitario) VALUES (5245, 2145, 1003, 1, 289.9) ON CONFLICT (id) DO NOTHING;
INSERT INTO pagamentos (id, compra_id, valor, forma_pagamento, data_pagamento) VALUES (6145, 2145, 289.9, 'CARTAO_CREDITO', '2026-02-28 20:35:00') ON CONFLICT (id) DO NOTHING;
INSERT INTO compras (id, cliente_id, status_compra, valor_total, frete, data_compra, data_entrega_prevista, endereco_entrega_id) VALUES (2146, 1000, 'ENTREGUE', 599.6, 10.16, '2026-02-09 16:07:00', '2026-02-19', 1000) ON CONFLICT (id) DO NOTHING;
INSERT INTO itens_compra (id, compra_id, produto_id, quantidade, preco_unitario) VALUES (5246, 2146, 1002, 4, 149.9) ON CONFLICT (id) DO NOTHING;
INSERT INTO pagamentos (id, compra_id, valor, forma_pagamento, data_pagamento) VALUES (6146, 2146, 599.6, 'CARTAO_CREDITO', '2026-02-09 16:07:00') ON CONFLICT (id) DO NOTHING;
INSERT INTO compras (id, cliente_id, status_compra, valor_total, frete, data_compra, data_entrega_prevista, endereco_entrega_id) VALUES (2147, 1000, 'ENTREGUE', 10869.5, 14.6, '2026-02-27 18:23:00', '2026-02-28', 1000) ON CONFLICT (id) DO NOTHING;
INSERT INTO itens_compra (id, compra_id, produto_id, quantidade, preco_unitario) VALUES (5247, 2147, 1003, 3, 289.9) ON CONFLICT (id) DO NOTHING;
INSERT INTO itens_compra (id, compra_id, produto_id, quantidade, preco_unitario) VALUES (5248, 2147, 1000, 2, 4999.9) ON CONFLICT (id) DO NOTHING;
INSERT INTO pagamentos (id, compra_id, valor, forma_pagamento, data_pagamento) VALUES (6147, 2147, 10869.5, 'CARTAO_CREDITO', '2026-02-27 18:23:00') ON CONFLICT (id) DO NOTHING;
INSERT INTO compras (id, cliente_id, status_compra, valor_total, frete, data_compra, data_entrega_prevista, endereco_entrega_id) VALUES (2148, 1000, 'ENTREGUE', 5589.6, 14.76, '2026-02-21 09:40:00', '2026-02-28', 1000) ON CONFLICT (id) DO NOTHING;
INSERT INTO itens_compra (id, compra_id, produto_id, quantidade, preco_unitario) VALUES (5249, 2148, 1002, 2, 149.9) ON CONFLICT (id) DO NOTHING;
INSERT INTO itens_compra (id, compra_id, produto_id, quantidade, preco_unitario) VALUES (5250, 2148, 1003, 1, 289.9) ON CONFLICT (id) DO NOTHING;
INSERT INTO itens_compra (id, compra_id, produto_id, quantidade, preco_unitario) VALUES (5251, 2148, 1000, 1, 4999.9) ON CONFLICT (id) DO NOTHING;
INSERT INTO pagamentos (id, compra_id, valor, forma_pagamento, data_pagamento) VALUES (6148, 2148, 5589.6, 'CARTAO_CREDITO', '2026-02-21 09:40:00') ON CONFLICT (id) DO NOTHING;
INSERT INTO compras (id, cliente_id, status_compra, valor_total, frete, data_compra, data_entrega_prevista, endereco_entrega_id) VALUES (2149, 1000, 'ENTREGUE', 359.8, 10.24, '2026-02-10 15:07:00', '2026-02-20', 1000) ON CONFLICT (id) DO NOTHING;
INSERT INTO itens_compra (id, compra_id, produto_id, quantidade, preco_unitario) VALUES (5252, 2149, 1004, 2, 179.9) ON CONFLICT (id) DO NOTHING;
INSERT INTO pagamentos (id, compra_id, valor, forma_pagamento, data_pagamento) VALUES (6149, 2149, 359.8, 'CARTAO_CREDITO', '2026-02-10 15:07:00') ON CONFLICT (id) DO NOTHING;
INSERT INTO compras (id, cliente_id, status_compra, valor_total, frete, data_compra, data_entrega_prevista, endereco_entrega_id) VALUES (2150, 1000, 'APROVADA', 1669.3, 12.2, '2026-02-13 15:23:00', '2026-02-23', 1000) ON CONFLICT (id) DO NOTHING;
INSERT INTO itens_compra (id, compra_id, produto_id, quantidade, preco_unitario) VALUES (5253, 2150, 1004, 2, 179.9) ON CONFLICT (id) DO NOTHING;
INSERT INTO itens_compra (id, compra_id, produto_id, quantidade, preco_unitario) VALUES (5254, 2150, 1003, 4, 289.9) ON CONFLICT (id) DO NOTHING;
INSERT INTO itens_compra (id, compra_id, produto_id, quantidade, preco_unitario) VALUES (5255, 2150, 1002, 1, 149.9) ON CONFLICT (id) DO NOTHING;
INSERT INTO pagamentos (id, compra_id, valor, forma_pagamento, data_pagamento) VALUES (6150, 2150, 1669.3, 'CARTAO_CREDITO', '2026-02-13 15:23:00') ON CONFLICT (id) DO NOTHING;
INSERT INTO compras (id, cliente_id, status_compra, valor_total, frete, data_compra, data_entrega_prevista, endereco_entrega_id) VALUES (2151, 1000, 'ENTREGUE', 11169.1, 13.2, '2026-02-27 15:39:00', '2026-02-28', 1000) ON CONFLICT (id) DO NOTHING;
INSERT INTO itens_compra (id, compra_id, produto_id, quantidade, preco_unitario) VALUES (5256, 2151, 1002, 3, 149.9) ON CONFLICT (id) DO NOTHING;
INSERT INTO itens_compra (id, compra_id, produto_id, quantidade, preco_unitario) VALUES (5257, 2151, 1000, 2, 4999.9) ON CONFLICT (id) DO NOTHING;
INSERT INTO itens_compra (id, compra_id, produto_id, quantidade, preco_unitario) VALUES (5258, 2151, 1004, 4, 179.9) ON CONFLICT (id) DO NOTHING;
INSERT INTO pagamentos (id, compra_id, valor, forma_pagamento, data_pagamento) VALUES (6151, 2151, 11169.1, 'CARTAO_CREDITO', '2026-02-27 15:39:00') ON CONFLICT (id) DO NOTHING;
INSERT INTO compras (id, cliente_id, status_compra, valor_total, frete, data_compra, data_entrega_prevista, endereco_entrega_id) VALUES (2152, 1000, 'ENTREGUE', 449.7, 10.16, '2026-02-15 11:54:00', '2026-02-25', 1000) ON CONFLICT (id) DO NOTHING;
INSERT INTO itens_compra (id, compra_id, produto_id, quantidade, preco_unitario) VALUES (5259, 2152, 1002, 3, 149.9) ON CONFLICT (id) DO NOTHING;
INSERT INTO pagamentos (id, compra_id, valor, forma_pagamento, data_pagamento) VALUES (6152, 2152, 449.7, 'CARTAO_CREDITO', '2026-02-15 11:54:00') ON CONFLICT (id) DO NOTHING;
INSERT INTO compras (id, cliente_id, status_compra, valor_total, frete, data_compra, data_entrega_prevista, endereco_entrega_id) VALUES (2153, 1000, 'ENTREGUE', 5729.6, 14.76, '2026-03-13 12:12:00', '2026-03-23', 1000) ON CONFLICT (id) DO NOTHING;
INSERT INTO itens_compra (id, compra_id, produto_id, quantidade, preco_unitario) VALUES (5260, 2153, 1003, 2, 289.9) ON CONFLICT (id) DO NOTHING;
INSERT INTO itens_compra (id, compra_id, produto_id, quantidade, preco_unitario) VALUES (5261, 2153, 1000, 1, 4999.9) ON CONFLICT (id) DO NOTHING;
INSERT INTO itens_compra (id, compra_id, produto_id, quantidade, preco_unitario) VALUES (5262, 2153, 1002, 1, 149.9) ON CONFLICT (id) DO NOTHING;
INSERT INTO pagamentos (id, compra_id, valor, forma_pagamento, data_pagamento) VALUES (6153, 2153, 5729.6, 'CARTAO_CREDITO', '2026-03-13 12:12:00') ON CONFLICT (id) DO NOTHING;
INSERT INTO compras (id, cliente_id, status_compra, valor_total, frete, data_compra, data_entrega_prevista, endereco_entrega_id) VALUES (2154, 1000, 'ENTREGUE', 10699.6, 13.3, '2026-03-26 13:15:00', '2026-03-28', 1000) ON CONFLICT (id) DO NOTHING;
INSERT INTO itens_compra (id, compra_id, produto_id, quantidade, preco_unitario) VALUES (5263, 2154, 1001, 2, 349.9) ON CONFLICT (id) DO NOTHING;
INSERT INTO itens_compra (id, compra_id, produto_id, quantidade, preco_unitario) VALUES (5264, 2154, 1000, 2, 4999.9) ON CONFLICT (id) DO NOTHING;
INSERT INTO pagamentos (id, compra_id, valor, forma_pagamento, data_pagamento) VALUES (6154, 2154, 10699.6, 'CARTAO_CREDITO', '2026-03-26 13:15:00') ON CONFLICT (id) DO NOTHING;
INSERT INTO compras (id, cliente_id, status_compra, valor_total, frete, data_compra, data_entrega_prevista, endereco_entrega_id) VALUES (2155, 1000, 'EM_TRANSITO', 179.9, 10.24, '2026-03-27 11:21:00', '2026-03-28', 1000) ON CONFLICT (id) DO NOTHING;
INSERT INTO itens_compra (id, compra_id, produto_id, quantidade, preco_unitario) VALUES (5265, 2155, 1004, 1, 179.9) ON CONFLICT (id) DO NOTHING;
INSERT INTO pagamentos (id, compra_id, valor, forma_pagamento, data_pagamento) VALUES (6155, 2155, 179.9, 'CARTAO_CREDITO', '2026-03-27 11:21:00') ON CONFLICT (id) DO NOTHING;
INSERT INTO compras (id, cliente_id, status_compra, valor_total, frete, data_compra, data_entrega_prevista, endereco_entrega_id) VALUES (2156, 1000, 'ENTREGUE', 349.9, 10.5, '2026-03-09 10:08:00', '2026-03-19', 1000) ON CONFLICT (id) DO NOTHING;
INSERT INTO itens_compra (id, compra_id, produto_id, quantidade, preco_unitario) VALUES (5266, 2156, 1001, 1, 349.9) ON CONFLICT (id) DO NOTHING;
INSERT INTO pagamentos (id, compra_id, valor, forma_pagamento, data_pagamento) VALUES (6156, 2156, 349.9, 'CARTAO_CREDITO', '2026-03-09 10:08:00') ON CONFLICT (id) DO NOTHING;
INSERT INTO compras (id, cliente_id, status_compra, valor_total, frete, data_compra, data_entrega_prevista, endereco_entrega_id) VALUES (2157, 1000, 'ENTREGUE', 1049.7, 10.5, '2026-03-22 08:08:00', '2026-03-28', 1000) ON CONFLICT (id) DO NOTHING;
INSERT INTO itens_compra (id, compra_id, produto_id, quantidade, preco_unitario) VALUES (5267, 2157, 1001, 3, 349.9) ON CONFLICT (id) DO NOTHING;
INSERT INTO pagamentos (id, compra_id, valor, forma_pagamento, data_pagamento) VALUES (6157, 2157, 1049.7, 'CARTAO_CREDITO', '2026-03-22 08:08:00') ON CONFLICT (id) DO NOTHING;
INSERT INTO compras (id, cliente_id, status_compra, valor_total, frete, data_compra, data_entrega_prevista, endereco_entrega_id) VALUES (2158, 1000, 'ENTREGUE', 289.9, 11.8, '2026-03-01 10:16:00', '2026-03-11', 1000) ON CONFLICT (id) DO NOTHING;
INSERT INTO itens_compra (id, compra_id, produto_id, quantidade, preco_unitario) VALUES (5268, 2158, 1003, 1, 289.9) ON CONFLICT (id) DO NOTHING;
INSERT INTO pagamentos (id, compra_id, valor, forma_pagamento, data_pagamento) VALUES (6158, 2158, 289.9, 'CARTAO_CREDITO', '2026-03-01 10:16:00') ON CONFLICT (id) DO NOTHING;
INSERT INTO compras (id, cliente_id, status_compra, valor_total, frete, data_compra, data_entrega_prevista, endereco_entrega_id) VALUES (2159, 1000, 'ENTREGUE', 10719.4, 13.04, '2026-03-24 09:30:00', '2026-03-28', 1000) ON CONFLICT (id) DO NOTHING;
INSERT INTO itens_compra (id, compra_id, produto_id, quantidade, preco_unitario) VALUES (5269, 2159, 1004, 4, 179.9) ON CONFLICT (id) DO NOTHING;
INSERT INTO itens_compra (id, compra_id, produto_id, quantidade, preco_unitario) VALUES (5270, 2159, 1000, 2, 4999.9) ON CONFLICT (id) DO NOTHING;
INSERT INTO pagamentos (id, compra_id, valor, forma_pagamento, data_pagamento) VALUES (6159, 2159, 10719.4, 'CARTAO_CREDITO', '2026-03-24 09:30:00') ON CONFLICT (id) DO NOTHING;
INSERT INTO compras (id, cliente_id, status_compra, valor_total, frete, data_compra, data_entrega_prevista, endereco_entrega_id) VALUES (2160, 1000, 'ENTREGUE', 20289.5, 14.6, '2026-03-20 08:46:00', '2026-03-28', 1000) ON CONFLICT (id) DO NOTHING;
INSERT INTO itens_compra (id, compra_id, produto_id, quantidade, preco_unitario) VALUES (5271, 2160, 1003, 1, 289.9) ON CONFLICT (id) DO NOTHING;
INSERT INTO itens_compra (id, compra_id, produto_id, quantidade, preco_unitario) VALUES (5272, 2160, 1000, 4, 4999.9) ON CONFLICT (id) DO NOTHING;
INSERT INTO pagamentos (id, compra_id, valor, forma_pagamento, data_pagamento) VALUES (6160, 2160, 20289.5, 'CARTAO_CREDITO', '2026-03-20 08:46:00') ON CONFLICT (id) DO NOTHING;
INSERT INTO compras (id, cliente_id, status_compra, valor_total, frete, data_compra, data_entrega_prevista, endereco_entrega_id) VALUES (2161, 1000, 'APROVADA', 289.9, 11.8, '2026-03-28 14:27:00', '2026-03-28', 1000) ON CONFLICT (id) DO NOTHING;
INSERT INTO itens_compra (id, compra_id, produto_id, quantidade, preco_unitario) VALUES (5273, 2161, 1003, 1, 289.9) ON CONFLICT (id) DO NOTHING;
INSERT INTO pagamentos (id, compra_id, valor, forma_pagamento, data_pagamento) VALUES (6161, 2161, 289.9, 'CARTAO_CREDITO', '2026-03-28 14:27:00') ON CONFLICT (id) DO NOTHING;
INSERT INTO compras (id, cliente_id, status_compra, valor_total, frete, data_compra, data_entrega_prevista, endereco_entrega_id) VALUES (2162, 1000, 'ENTREGUE', 449.7, 10.16, '2026-03-03 13:38:00', '2026-03-13', 1000) ON CONFLICT (id) DO NOTHING;
INSERT INTO itens_compra (id, compra_id, produto_id, quantidade, preco_unitario) VALUES (5274, 2162, 1002, 3, 149.9) ON CONFLICT (id) DO NOTHING;
INSERT INTO pagamentos (id, compra_id, valor, forma_pagamento, data_pagamento) VALUES (6162, 2162, 449.7, 'CARTAO_CREDITO', '2026-03-03 13:38:00') ON CONFLICT (id) DO NOTHING;
INSERT INTO compras (id, cliente_id, status_compra, valor_total, frete, data_compra, data_entrega_prevista, endereco_entrega_id) VALUES (2163, 1000, 'ENTREGUE', 719.6, 10.24, '2026-03-13 17:33:00', '2026-03-23', 1000) ON CONFLICT (id) DO NOTHING;
INSERT INTO itens_compra (id, compra_id, produto_id, quantidade, preco_unitario) VALUES (5275, 2163, 1004, 4, 179.9) ON CONFLICT (id) DO NOTHING;
INSERT INTO pagamentos (id, compra_id, valor, forma_pagamento, data_pagamento) VALUES (6163, 2163, 719.6, 'CARTAO_CREDITO', '2026-03-13 17:33:00') ON CONFLICT (id) DO NOTHING;
INSERT INTO compras (id, cliente_id, status_compra, valor_total, frete, data_compra, data_entrega_prevista, endereco_entrega_id) VALUES (2164, 1000, 'ENTREGUE', 2579.0, 12.54, '2026-03-04 20:44:00', '2026-03-14', 1000) ON CONFLICT (id) DO NOTHING;
INSERT INTO itens_compra (id, compra_id, produto_id, quantidade, preco_unitario) VALUES (5276, 2164, 1004, 4, 179.9) ON CONFLICT (id) DO NOTHING;
INSERT INTO itens_compra (id, compra_id, produto_id, quantidade, preco_unitario) VALUES (5277, 2164, 1001, 2, 349.9) ON CONFLICT (id) DO NOTHING;
INSERT INTO itens_compra (id, compra_id, produto_id, quantidade, preco_unitario) VALUES (5278, 2164, 1003, 4, 289.9) ON CONFLICT (id) DO NOTHING;
INSERT INTO pagamentos (id, compra_id, valor, forma_pagamento, data_pagamento) VALUES (6164, 2164, 2579.0, 'CARTAO_CREDITO', '2026-03-04 20:44:00') ON CONFLICT (id) DO NOTHING;
INSERT INTO compras (id, cliente_id, status_compra, valor_total, frete, data_compra, data_entrega_prevista, endereco_entrega_id) VALUES (2165, 1000, 'ENTREGUE', 1319.4, 11.96, '2026-03-11 15:25:00', '2026-03-21', 1000) ON CONFLICT (id) DO NOTHING;
INSERT INTO itens_compra (id, compra_id, produto_id, quantidade, preco_unitario) VALUES (5279, 2165, 1002, 3, 149.9) ON CONFLICT (id) DO NOTHING;
INSERT INTO itens_compra (id, compra_id, produto_id, quantidade, preco_unitario) VALUES (5280, 2165, 1003, 3, 289.9) ON CONFLICT (id) DO NOTHING;
INSERT INTO pagamentos (id, compra_id, valor, forma_pagamento, data_pagamento) VALUES (6165, 2165, 1319.4, 'CARTAO_CREDITO', '2026-03-11 15:25:00') ON CONFLICT (id) DO NOTHING;
INSERT INTO compras (id, cliente_id, status_compra, valor_total, frete, data_compra, data_entrega_prevista, endereco_entrega_id) VALUES (2166, 1000, 'ENTREGUE', 4999.9, 12.8, '2026-03-12 10:43:00', '2026-03-22', 1000) ON CONFLICT (id) DO NOTHING;
INSERT INTO itens_compra (id, compra_id, produto_id, quantidade, preco_unitario) VALUES (5281, 2166, 1000, 1, 4999.9) ON CONFLICT (id) DO NOTHING;
INSERT INTO pagamentos (id, compra_id, valor, forma_pagamento, data_pagamento) VALUES (6166, 2166, 4999.9, 'CARTAO_CREDITO', '2026-03-12 10:43:00') ON CONFLICT (id) DO NOTHING;
INSERT INTO compras (id, cliente_id, status_compra, valor_total, frete, data_compra, data_entrega_prevista, endereco_entrega_id) VALUES (2167, 1000, 'ENTREGUE', 5539.6, 13.04, '2026-04-04 19:47:00', '2026-04-14', 1000) ON CONFLICT (id) DO NOTHING;
INSERT INTO itens_compra (id, compra_id, produto_id, quantidade, preco_unitario) VALUES (5282, 2167, 1004, 3, 179.9) ON CONFLICT (id) DO NOTHING;
INSERT INTO itens_compra (id, compra_id, produto_id, quantidade, preco_unitario) VALUES (5283, 2167, 1000, 1, 4999.9) ON CONFLICT (id) DO NOTHING;
INSERT INTO pagamentos (id, compra_id, valor, forma_pagamento, data_pagamento) VALUES (6167, 2167, 5539.6, 'CARTAO_CREDITO', '2026-04-04 19:47:00') ON CONFLICT (id) DO NOTHING;
INSERT INTO compras (id, cliente_id, status_compra, valor_total, frete, data_compra, data_entrega_prevista, endereco_entrega_id) VALUES (2168, 1000, 'APROVADA', 16219.3, 15.1, '2026-04-14 13:55:00', '2026-04-24', 1000) ON CONFLICT (id) DO NOTHING;
INSERT INTO itens_compra (id, compra_id, produto_id, quantidade, preco_unitario) VALUES (5284, 2168, 1003, 3, 289.9) ON CONFLICT (id) DO NOTHING;
INSERT INTO itens_compra (id, compra_id, produto_id, quantidade, preco_unitario) VALUES (5285, 2168, 1000, 3, 4999.9) ON CONFLICT (id) DO NOTHING;
INSERT INTO itens_compra (id, compra_id, produto_id, quantidade, preco_unitario) VALUES (5286, 2168, 1001, 1, 349.9) ON CONFLICT (id) DO NOTHING;
INSERT INTO pagamentos (id, compra_id, valor, forma_pagamento, data_pagamento) VALUES (6168, 2168, 16219.3, 'CARTAO_CREDITO', '2026-04-14 13:55:00') ON CONFLICT (id) DO NOTHING;
INSERT INTO compras (id, cliente_id, status_compra, valor_total, frete, data_compra, data_entrega_prevista, endereco_entrega_id) VALUES (2169, 1000, 'ENTREGUE', 16049.4, 13.3, '2026-04-19 16:13:00', '2026-04-28', 1000) ON CONFLICT (id) DO NOTHING;
INSERT INTO itens_compra (id, compra_id, produto_id, quantidade, preco_unitario) VALUES (5287, 2169, 1001, 3, 349.9) ON CONFLICT (id) DO NOTHING;
INSERT INTO itens_compra (id, compra_id, produto_id, quantidade, preco_unitario) VALUES (5288, 2169, 1000, 3, 4999.9) ON CONFLICT (id) DO NOTHING;
INSERT INTO pagamentos (id, compra_id, valor, forma_pagamento, data_pagamento) VALUES (6169, 2169, 16049.4, 'CARTAO_CREDITO', '2026-04-19 16:13:00') ON CONFLICT (id) DO NOTHING;
INSERT INTO compras (id, cliente_id, status_compra, valor_total, frete, data_compra, data_entrega_prevista, endereco_entrega_id) VALUES (2170, 1000, 'ENTREGUE', 289.9, 11.8, '2026-04-04 20:17:00', '2026-04-14', 1000) ON CONFLICT (id) DO NOTHING;
INSERT INTO itens_compra (id, compra_id, produto_id, quantidade, preco_unitario) VALUES (5289, 2170, 1003, 1, 289.9) ON CONFLICT (id) DO NOTHING;
INSERT INTO pagamentos (id, compra_id, valor, forma_pagamento, data_pagamento) VALUES (6170, 2170, 289.9, 'CARTAO_CREDITO', '2026-04-04 20:17:00') ON CONFLICT (id) DO NOTHING;
INSERT INTO compras (id, cliente_id, status_compra, valor_total, frete, data_compra, data_entrega_prevista, endereco_entrega_id) VALUES (2171, 1000, 'APROVADA', 1049.7, 10.5, '2026-04-20 18:53:00', '2026-04-28', 1000) ON CONFLICT (id) DO NOTHING;
INSERT INTO itens_compra (id, compra_id, produto_id, quantidade, preco_unitario) VALUES (5290, 2171, 1001, 3, 349.9) ON CONFLICT (id) DO NOTHING;
INSERT INTO pagamentos (id, compra_id, valor, forma_pagamento, data_pagamento) VALUES (6171, 2171, 1049.7, 'CARTAO_CREDITO', '2026-04-20 18:53:00') ON CONFLICT (id) DO NOTHING;
INSERT INTO compras (id, cliente_id, status_compra, valor_total, frete, data_compra, data_entrega_prevista, endereco_entrega_id) VALUES (2172, 1000, 'ENTREGUE', 699.8, 10.5, '2026-04-23 20:19:00', '2026-04-28', 1000) ON CONFLICT (id) DO NOTHING;
INSERT INTO itens_compra (id, compra_id, produto_id, quantidade, preco_unitario) VALUES (5291, 2172, 1001, 2, 349.9) ON CONFLICT (id) DO NOTHING;
INSERT INTO pagamentos (id, compra_id, valor, forma_pagamento, data_pagamento) VALUES (6172, 2172, 699.8, 'CARTAO_CREDITO', '2026-04-23 20:19:00') ON CONFLICT (id) DO NOTHING;
INSERT INTO compras (id, cliente_id, status_compra, valor_total, frete, data_compra, data_entrega_prevista, endereco_entrega_id) VALUES (2173, 1000, 'ENTREGUE', 4999.9, 12.8, '2026-04-19 18:25:00', '2026-04-28', 1000) ON CONFLICT (id) DO NOTHING;
INSERT INTO itens_compra (id, compra_id, produto_id, quantidade, preco_unitario) VALUES (5292, 2173, 1000, 1, 4999.9) ON CONFLICT (id) DO NOTHING;
INSERT INTO pagamentos (id, compra_id, valor, forma_pagamento, data_pagamento) VALUES (6173, 2173, 4999.9, 'CARTAO_CREDITO', '2026-04-19 18:25:00') ON CONFLICT (id) DO NOTHING;
INSERT INTO compras (id, cliente_id, status_compra, valor_total, frete, data_compra, data_entrega_prevista, endereco_entrega_id) VALUES (2174, 1000, 'ENTREGUE', 299.8, 10.16, '2026-04-24 16:13:00', '2026-04-28', 1000) ON CONFLICT (id) DO NOTHING;
INSERT INTO itens_compra (id, compra_id, produto_id, quantidade, preco_unitario) VALUES (5293, 2174, 1002, 2, 149.9) ON CONFLICT (id) DO NOTHING;
INSERT INTO pagamentos (id, compra_id, valor, forma_pagamento, data_pagamento) VALUES (6174, 2174, 299.8, 'CARTAO_CREDITO', '2026-04-24 16:13:00') ON CONFLICT (id) DO NOTHING;
INSERT INTO compras (id, cliente_id, status_compra, valor_total, frete, data_compra, data_entrega_prevista, endereco_entrega_id) VALUES (2175, 1000, 'ENTREGUE', 10179.7, 13.04, '2026-04-12 12:46:00', '2026-04-22', 1000) ON CONFLICT (id) DO NOTHING;
INSERT INTO itens_compra (id, compra_id, produto_id, quantidade, preco_unitario) VALUES (5294, 2175, 1004, 1, 179.9) ON CONFLICT (id) DO NOTHING;
INSERT INTO itens_compra (id, compra_id, produto_id, quantidade, preco_unitario) VALUES (5295, 2175, 1000, 2, 4999.9) ON CONFLICT (id) DO NOTHING;
INSERT INTO pagamentos (id, compra_id, valor, forma_pagamento, data_pagamento) VALUES (6175, 2175, 10179.7, 'CARTAO_CREDITO', '2026-04-12 12:46:00') ON CONFLICT (id) DO NOTHING;
INSERT INTO compras (id, cliente_id, status_compra, valor_total, frete, data_compra, data_entrega_prevista, endereco_entrega_id) VALUES (2176, 1000, 'ENTREGUE', 1759.2, 11.96, '2026-04-06 20:39:00', '2026-04-16', 1000) ON CONFLICT (id) DO NOTHING;
INSERT INTO itens_compra (id, compra_id, produto_id, quantidade, preco_unitario) VALUES (5296, 2176, 1002, 4, 149.9) ON CONFLICT (id) DO NOTHING;
INSERT INTO itens_compra (id, compra_id, produto_id, quantidade, preco_unitario) VALUES (5297, 2176, 1003, 4, 289.9) ON CONFLICT (id) DO NOTHING;
INSERT INTO pagamentos (id, compra_id, valor, forma_pagamento, data_pagamento) VALUES (6176, 2176, 1759.2, 'CARTAO_CREDITO', '2026-04-06 20:39:00') ON CONFLICT (id) DO NOTHING;
INSERT INTO compras (id, cliente_id, status_compra, valor_total, frete, data_compra, data_entrega_prevista, endereco_entrega_id) VALUES (2177, 1000, 'ENTREGUE', 179.9, 10.24, '2026-04-20 15:26:00', '2026-04-28', 1000) ON CONFLICT (id) DO NOTHING;
INSERT INTO itens_compra (id, compra_id, produto_id, quantidade, preco_unitario) VALUES (5298, 2177, 1004, 1, 179.9) ON CONFLICT (id) DO NOTHING;
INSERT INTO pagamentos (id, compra_id, valor, forma_pagamento, data_pagamento) VALUES (6177, 2177, 179.9, 'CARTAO_CREDITO', '2026-04-20 15:26:00') ON CONFLICT (id) DO NOTHING;
INSERT INTO compras (id, cliente_id, status_compra, valor_total, frete, data_compra, data_entrega_prevista, endereco_entrega_id) VALUES (2178, 1000, 'ENTREGUE', 829.6, 12.04, '2026-04-12 14:07:00', '2026-04-22', 1000) ON CONFLICT (id) DO NOTHING;
INSERT INTO itens_compra (id, compra_id, produto_id, quantidade, preco_unitario) VALUES (5299, 2178, 1004, 3, 179.9) ON CONFLICT (id) DO NOTHING;
INSERT INTO itens_compra (id, compra_id, produto_id, quantidade, preco_unitario) VALUES (5300, 2178, 1003, 1, 289.9) ON CONFLICT (id) DO NOTHING;
INSERT INTO pagamentos (id, compra_id, valor, forma_pagamento, data_pagamento) VALUES (6178, 2178, 829.6, 'CARTAO_CREDITO', '2026-04-12 14:07:00') ON CONFLICT (id) DO NOTHING;
INSERT INTO compras (id, cliente_id, status_compra, valor_total, frete, data_compra, data_entrega_prevista, endereco_entrega_id) VALUES (2179, 1000, 'ENTREGUE', 299.8, 10.16, '2026-04-08 14:38:00', '2026-04-18', 1000) ON CONFLICT (id) DO NOTHING;
INSERT INTO itens_compra (id, compra_id, produto_id, quantidade, preco_unitario) VALUES (5301, 2179, 1002, 2, 149.9) ON CONFLICT (id) DO NOTHING;
INSERT INTO pagamentos (id, compra_id, valor, forma_pagamento, data_pagamento) VALUES (6179, 2179, 299.8, 'CARTAO_CREDITO', '2026-04-08 14:38:00') ON CONFLICT (id) DO NOTHING;
INSERT INTO compras (id, cliente_id, status_compra, valor_total, frete, data_compra, data_entrega_prevista, endereco_entrega_id) VALUES (2180, 1000, 'ENTREGUE', 4999.9, 12.8, '2026-04-25 10:48:00', '2026-04-28', 1000) ON CONFLICT (id) DO NOTHING;
INSERT INTO itens_compra (id, compra_id, produto_id, quantidade, preco_unitario) VALUES (5302, 2180, 1000, 1, 4999.9) ON CONFLICT (id) DO NOTHING;
INSERT INTO pagamentos (id, compra_id, valor, forma_pagamento, data_pagamento) VALUES (6180, 2180, 4999.9, 'CARTAO_CREDITO', '2026-04-25 10:48:00') ON CONFLICT (id) DO NOTHING;
INSERT INTO compras (id, cliente_id, status_compra, valor_total, frete, data_compra, data_entrega_prevista, endereco_entrega_id) VALUES (2181, 1000, 'ENTREGUE', 359.8, 10.24, '2026-04-16 19:27:00', '2026-04-26', 1000) ON CONFLICT (id) DO NOTHING;
INSERT INTO itens_compra (id, compra_id, produto_id, quantidade, preco_unitario) VALUES (5303, 2181, 1004, 2, 179.9) ON CONFLICT (id) DO NOTHING;
INSERT INTO pagamentos (id, compra_id, valor, forma_pagamento, data_pagamento) VALUES (6181, 2181, 359.8, 'CARTAO_CREDITO', '2026-04-16 19:27:00') ON CONFLICT (id) DO NOTHING;
INSERT INTO compras (id, cliente_id, status_compra, valor_total, frete, data_compra, data_entrega_prevista, endereco_entrega_id) VALUES (2182, 1000, 'APROVADA', 6159.5, 14.6, '2026-04-17 16:53:00', '2026-04-27', 1000) ON CONFLICT (id) DO NOTHING;
INSERT INTO itens_compra (id, compra_id, produto_id, quantidade, preco_unitario) VALUES (5304, 2182, 1000, 1, 4999.9) ON CONFLICT (id) DO NOTHING;
INSERT INTO itens_compra (id, compra_id, produto_id, quantidade, preco_unitario) VALUES (5305, 2182, 1003, 4, 289.9) ON CONFLICT (id) DO NOTHING;
INSERT INTO pagamentos (id, compra_id, valor, forma_pagamento, data_pagamento) VALUES (6182, 2182, 6159.5, 'CARTAO_CREDITO', '2026-04-17 16:53:00') ON CONFLICT (id) DO NOTHING;
INSERT INTO compras (id, cliente_id, status_compra, valor_total, frete, data_compra, data_entrega_prevista, endereco_entrega_id) VALUES (2183, 1000, 'ENTREGUE', 2328.9, 12.2, '2026-04-01 15:58:00', '2026-04-11', 1000) ON CONFLICT (id) DO NOTHING;
INSERT INTO itens_compra (id, compra_id, produto_id, quantidade, preco_unitario) VALUES (5306, 2183, 1004, 4, 179.9) ON CONFLICT (id) DO NOTHING;
INSERT INTO itens_compra (id, compra_id, produto_id, quantidade, preco_unitario) VALUES (5307, 2183, 1003, 4, 289.9) ON CONFLICT (id) DO NOTHING;
INSERT INTO itens_compra (id, compra_id, produto_id, quantidade, preco_unitario) VALUES (5308, 2183, 1002, 3, 149.9) ON CONFLICT (id) DO NOTHING;
INSERT INTO pagamentos (id, compra_id, valor, forma_pagamento, data_pagamento) VALUES (6183, 2183, 2328.9, 'CARTAO_CREDITO', '2026-04-01 15:58:00') ON CONFLICT (id) DO NOTHING;
INSERT INTO compras (id, cliente_id, status_compra, valor_total, frete, data_compra, data_entrega_prevista, endereco_entrega_id) VALUES (2184, 1000, 'ENTREGUE', 829.6, 12.04, '2026-05-13 08:20:00', '2026-05-23', 1000) ON CONFLICT (id) DO NOTHING;
INSERT INTO itens_compra (id, compra_id, produto_id, quantidade, preco_unitario) VALUES (5309, 2184, 1004, 3, 179.9) ON CONFLICT (id) DO NOTHING;
INSERT INTO itens_compra (id, compra_id, produto_id, quantidade, preco_unitario) VALUES (5310, 2184, 1003, 1, 289.9) ON CONFLICT (id) DO NOTHING;
INSERT INTO pagamentos (id, compra_id, valor, forma_pagamento, data_pagamento) VALUES (6184, 2184, 829.6, 'CARTAO_CREDITO', '2026-05-13 08:20:00') ON CONFLICT (id) DO NOTHING;
INSERT INTO compras (id, cliente_id, status_compra, valor_total, frete, data_compra, data_entrega_prevista, endereco_entrega_id) VALUES (2185, 1000, 'ENTREGUE', 15719.3, 13.04, '2026-05-14 09:15:00', '2026-05-24', 1000) ON CONFLICT (id) DO NOTHING;
INSERT INTO itens_compra (id, compra_id, produto_id, quantidade, preco_unitario) VALUES (5311, 2185, 1004, 4, 179.9) ON CONFLICT (id) DO NOTHING;
INSERT INTO itens_compra (id, compra_id, produto_id, quantidade, preco_unitario) VALUES (5312, 2185, 1000, 3, 4999.9) ON CONFLICT (id) DO NOTHING;
INSERT INTO pagamentos (id, compra_id, valor, forma_pagamento, data_pagamento) VALUES (6185, 2185, 15719.3, 'CARTAO_CREDITO', '2026-05-14 09:15:00') ON CONFLICT (id) DO NOTHING;
INSERT INTO compras (id, cliente_id, status_compra, valor_total, frete, data_compra, data_entrega_prevista, endereco_entrega_id) VALUES (2186, 1000, 'ENTREGUE', 10539.5, 13.04, '2026-05-24 13:14:00', '2026-05-28', 1000) ON CONFLICT (id) DO NOTHING;
INSERT INTO itens_compra (id, compra_id, produto_id, quantidade, preco_unitario) VALUES (5313, 2186, 1000, 2, 4999.9) ON CONFLICT (id) DO NOTHING;
INSERT INTO itens_compra (id, compra_id, produto_id, quantidade, preco_unitario) VALUES (5314, 2186, 1004, 3, 179.9) ON CONFLICT (id) DO NOTHING;
INSERT INTO pagamentos (id, compra_id, valor, forma_pagamento, data_pagamento) VALUES (6186, 2186, 10539.5, 'CARTAO_CREDITO', '2026-05-24 13:14:00') ON CONFLICT (id) DO NOTHING;
INSERT INTO compras (id, cliente_id, status_compra, valor_total, frete, data_compra, data_entrega_prevista, endereco_entrega_id) VALUES (2187, 1000, 'ENTREGUE', 15699.5, 13.3, '2026-05-12 19:52:00', '2026-05-22', 1000) ON CONFLICT (id) DO NOTHING;
INSERT INTO itens_compra (id, compra_id, produto_id, quantidade, preco_unitario) VALUES (5315, 2187, 1001, 2, 349.9) ON CONFLICT (id) DO NOTHING;
INSERT INTO itens_compra (id, compra_id, produto_id, quantidade, preco_unitario) VALUES (5316, 2187, 1000, 3, 4999.9) ON CONFLICT (id) DO NOTHING;
INSERT INTO pagamentos (id, compra_id, valor, forma_pagamento, data_pagamento) VALUES (6187, 2187, 15699.5, 'CARTAO_CREDITO', '2026-05-12 19:52:00') ON CONFLICT (id) DO NOTHING;
INSERT INTO compras (id, cliente_id, status_compra, valor_total, frete, data_compra, data_entrega_prevista, endereco_entrega_id) VALUES (2188, 1000, 'ENTREGUE', 21399.2, 13.3, '2026-05-07 10:38:00', '2026-05-17', 1000) ON CONFLICT (id) DO NOTHING;
INSERT INTO itens_compra (id, compra_id, produto_id, quantidade, preco_unitario) VALUES (5317, 2188, 1000, 4, 4999.9) ON CONFLICT (id) DO NOTHING;
INSERT INTO itens_compra (id, compra_id, produto_id, quantidade, preco_unitario) VALUES (5318, 2188, 1001, 4, 349.9) ON CONFLICT (id) DO NOTHING;
INSERT INTO pagamentos (id, compra_id, valor, forma_pagamento, data_pagamento) VALUES (6188, 2188, 21399.2, 'CARTAO_CREDITO', '2026-05-07 10:38:00') ON CONFLICT (id) DO NOTHING;
INSERT INTO compras (id, cliente_id, status_compra, valor_total, frete, data_compra, data_entrega_prevista, endereco_entrega_id) VALUES (2189, 1000, 'ENTREGUE', 539.7, 10.24, '2026-05-25 17:48:00', '2026-05-28', 1000) ON CONFLICT (id) DO NOTHING;
INSERT INTO itens_compra (id, compra_id, produto_id, quantidade, preco_unitario) VALUES (5319, 2189, 1004, 3, 179.9) ON CONFLICT (id) DO NOTHING;
INSERT INTO pagamentos (id, compra_id, valor, forma_pagamento, data_pagamento) VALUES (6189, 2189, 539.7, 'CARTAO_CREDITO', '2026-05-25 17:48:00') ON CONFLICT (id) DO NOTHING;
INSERT INTO compras (id, cliente_id, status_compra, valor_total, frete, data_compra, data_entrega_prevista, endereco_entrega_id) VALUES (2190, 1000, 'ENTREGUE', 1159.6, 11.8, '2026-05-28 18:20:00', '2026-05-28', 1000) ON CONFLICT (id) DO NOTHING;
INSERT INTO itens_compra (id, compra_id, produto_id, quantidade, preco_unitario) VALUES (5320, 2190, 1003, 4, 289.9) ON CONFLICT (id) DO NOTHING;
INSERT INTO pagamentos (id, compra_id, valor, forma_pagamento, data_pagamento) VALUES (6190, 2190, 1159.6, 'CARTAO_CREDITO', '2026-05-28 18:20:00') ON CONFLICT (id) DO NOTHING;
INSERT INTO compras (id, cliente_id, status_compra, valor_total, frete, data_compra, data_entrega_prevista, endereco_entrega_id) VALUES (2191, 1000, 'ENTREGUE', 20449.3, 12.96, '2026-05-21 12:50:00', '2026-05-28', 1000) ON CONFLICT (id) DO NOTHING;
INSERT INTO itens_compra (id, compra_id, produto_id, quantidade, preco_unitario) VALUES (5321, 2191, 1002, 3, 149.9) ON CONFLICT (id) DO NOTHING;
INSERT INTO itens_compra (id, compra_id, produto_id, quantidade, preco_unitario) VALUES (5322, 2191, 1000, 4, 4999.9) ON CONFLICT (id) DO NOTHING;
INSERT INTO pagamentos (id, compra_id, valor, forma_pagamento, data_pagamento) VALUES (6191, 2191, 20449.3, 'CARTAO_CREDITO', '2026-05-21 12:50:00') ON CONFLICT (id) DO NOTHING;
INSERT INTO compras (id, cliente_id, status_compra, valor_total, frete, data_compra, data_entrega_prevista, endereco_entrega_id) VALUES (2192, 1000, 'ENTREGUE', 20719.2, 13.04, '2026-05-15 08:03:00', '2026-05-25', 1000) ON CONFLICT (id) DO NOTHING;
INSERT INTO itens_compra (id, compra_id, produto_id, quantidade, preco_unitario) VALUES (5323, 2192, 1000, 4, 4999.9) ON CONFLICT (id) DO NOTHING;
INSERT INTO itens_compra (id, compra_id, produto_id, quantidade, preco_unitario) VALUES (5324, 2192, 1004, 4, 179.9) ON CONFLICT (id) DO NOTHING;
INSERT INTO pagamentos (id, compra_id, valor, forma_pagamento, data_pagamento) VALUES (6192, 2192, 20719.2, 'CARTAO_CREDITO', '2026-05-15 08:03:00') ON CONFLICT (id) DO NOTHING;
INSERT INTO compras (id, cliente_id, status_compra, valor_total, frete, data_compra, data_entrega_prevista, endereco_entrega_id) VALUES (2193, 1000, 'APROVADA', 2039.3, 12.54, '2026-05-19 16:50:00', '2026-05-28', 1000) ON CONFLICT (id) DO NOTHING;
INSERT INTO itens_compra (id, compra_id, produto_id, quantidade, preco_unitario) VALUES (5325, 2193, 1003, 4, 289.9) ON CONFLICT (id) DO NOTHING;
INSERT INTO itens_compra (id, compra_id, produto_id, quantidade, preco_unitario) VALUES (5326, 2193, 1001, 2, 349.9) ON CONFLICT (id) DO NOTHING;
INSERT INTO itens_compra (id, compra_id, produto_id, quantidade, preco_unitario) VALUES (5327, 2193, 1004, 1, 179.9) ON CONFLICT (id) DO NOTHING;
INSERT INTO pagamentos (id, compra_id, valor, forma_pagamento, data_pagamento) VALUES (6193, 2193, 2039.3, 'CARTAO_CREDITO', '2026-05-19 16:50:00') ON CONFLICT (id) DO NOTHING;
INSERT INTO compras (id, cliente_id, status_compra, valor_total, frete, data_compra, data_entrega_prevista, endereco_entrega_id) VALUES (2194, 1000, 'ENTREGUE', 12119.0, 13.54, '2026-05-15 09:51:00', '2026-05-25', 1000) ON CONFLICT (id) DO NOTHING;
INSERT INTO itens_compra (id, compra_id, produto_id, quantidade, preco_unitario) VALUES (5328, 2194, 1000, 2, 4999.9) ON CONFLICT (id) DO NOTHING;
INSERT INTO itens_compra (id, compra_id, produto_id, quantidade, preco_unitario) VALUES (5329, 2194, 1001, 4, 349.9) ON CONFLICT (id) DO NOTHING;
INSERT INTO itens_compra (id, compra_id, produto_id, quantidade, preco_unitario) VALUES (5330, 2194, 1004, 4, 179.9) ON CONFLICT (id) DO NOTHING;
INSERT INTO pagamentos (id, compra_id, valor, forma_pagamento, data_pagamento) VALUES (6194, 2194, 12119.0, 'CARTAO_CREDITO', '2026-05-15 09:51:00') ON CONFLICT (id) DO NOTHING;
INSERT INTO compras (id, cliente_id, status_compra, valor_total, frete, data_compra, data_entrega_prevista, endereco_entrega_id) VALUES (2195, 1000, 'ENTREGUE', 599.6, 10.16, '2026-05-17 16:39:00', '2026-05-27', 1000) ON CONFLICT (id) DO NOTHING;
INSERT INTO itens_compra (id, compra_id, produto_id, quantidade, preco_unitario) VALUES (5331, 2195, 1002, 4, 149.9) ON CONFLICT (id) DO NOTHING;
INSERT INTO pagamentos (id, compra_id, valor, forma_pagamento, data_pagamento) VALUES (6195, 2195, 599.6, 'CARTAO_CREDITO', '2026-05-17 16:39:00') ON CONFLICT (id) DO NOTHING;
INSERT INTO compras (id, cliente_id, status_compra, valor_total, frete, data_compra, data_entrega_prevista, endereco_entrega_id) VALUES (2196, 1000, 'APROVADA', 5449.6, 12.96, '2026-05-14 20:21:00', '2026-05-24', 1000) ON CONFLICT (id) DO NOTHING;
INSERT INTO itens_compra (id, compra_id, produto_id, quantidade, preco_unitario) VALUES (5332, 2196, 1002, 3, 149.9) ON CONFLICT (id) DO NOTHING;
INSERT INTO itens_compra (id, compra_id, produto_id, quantidade, preco_unitario) VALUES (5333, 2196, 1000, 1, 4999.9) ON CONFLICT (id) DO NOTHING;
INSERT INTO pagamentos (id, compra_id, valor, forma_pagamento, data_pagamento) VALUES (6196, 2196, 5449.6, 'CARTAO_CREDITO', '2026-05-14 20:21:00') ON CONFLICT (id) DO NOTHING;
INSERT INTO compras (id, cliente_id, status_compra, valor_total, frete, data_compra, data_entrega_prevista, endereco_entrega_id) VALUES (2197, 1000, 'ENTREGUE', 359.8, 10.24, '2026-05-18 18:24:00', '2026-05-28', 1000) ON CONFLICT (id) DO NOTHING;
INSERT INTO itens_compra (id, compra_id, produto_id, quantidade, preco_unitario) VALUES (5334, 2197, 1004, 2, 179.9) ON CONFLICT (id) DO NOTHING;
INSERT INTO pagamentos (id, compra_id, valor, forma_pagamento, data_pagamento) VALUES (6197, 2197, 359.8, 'CARTAO_CREDITO', '2026-05-18 18:24:00') ON CONFLICT (id) DO NOTHING;
INSERT INTO compras (id, cliente_id, status_compra, valor_total, frete, data_compra, data_entrega_prevista, endereco_entrega_id) VALUES (2198, 1000, 'ENTREGUE', 21019.2, 14.76, '2026-06-03 17:42:00', '2026-06-13', 1000) ON CONFLICT (id) DO NOTHING;
INSERT INTO itens_compra (id, compra_id, produto_id, quantidade, preco_unitario) VALUES (5335, 2198, 1002, 1, 149.9) ON CONFLICT (id) DO NOTHING;
INSERT INTO itens_compra (id, compra_id, produto_id, quantidade, preco_unitario) VALUES (5336, 2198, 1003, 3, 289.9) ON CONFLICT (id) DO NOTHING;
INSERT INTO itens_compra (id, compra_id, produto_id, quantidade, preco_unitario) VALUES (5337, 2198, 1000, 4, 4999.9) ON CONFLICT (id) DO NOTHING;
INSERT INTO pagamentos (id, compra_id, valor, forma_pagamento, data_pagamento) VALUES (6198, 2198, 21019.2, 'CARTAO_CREDITO', '2026-06-03 17:42:00') ON CONFLICT (id) DO NOTHING;
INSERT INTO compras (id, cliente_id, status_compra, valor_total, frete, data_compra, data_entrega_prevista, endereco_entrega_id) VALUES (2199, 1000, 'ENTREGUE', 15719.3, 13.04, '2026-06-21 20:21:00', '2026-06-28', 1000) ON CONFLICT (id) DO NOTHING;
INSERT INTO itens_compra (id, compra_id, produto_id, quantidade, preco_unitario) VALUES (5338, 2199, 1004, 4, 179.9) ON CONFLICT (id) DO NOTHING;
INSERT INTO itens_compra (id, compra_id, produto_id, quantidade, preco_unitario) VALUES (5339, 2199, 1000, 3, 4999.9) ON CONFLICT (id) DO NOTHING;
INSERT INTO pagamentos (id, compra_id, valor, forma_pagamento, data_pagamento) VALUES (6199, 2199, 15719.3, 'CARTAO_CREDITO', '2026-06-21 20:21:00') ON CONFLICT (id) DO NOTHING;
INSERT INTO compras (id, cliente_id, status_compra, valor_total, frete, data_compra, data_entrega_prevista, endereco_entrega_id) VALUES (2200, 1000, 'ENTREGUE', 10879.4, 14.76, '2026-06-01 13:19:00', '2026-06-11', 1000) ON CONFLICT (id) DO NOTHING;
INSERT INTO itens_compra (id, compra_id, produto_id, quantidade, preco_unitario) VALUES (5340, 2200, 1002, 2, 149.9) ON CONFLICT (id) DO NOTHING;
INSERT INTO itens_compra (id, compra_id, produto_id, quantidade, preco_unitario) VALUES (5341, 2200, 1003, 2, 289.9) ON CONFLICT (id) DO NOTHING;
INSERT INTO itens_compra (id, compra_id, produto_id, quantidade, preco_unitario) VALUES (5342, 2200, 1000, 2, 4999.9) ON CONFLICT (id) DO NOTHING;
INSERT INTO pagamentos (id, compra_id, valor, forma_pagamento, data_pagamento) VALUES (6200, 2200, 10879.4, 'CARTAO_CREDITO', '2026-06-01 13:19:00') ON CONFLICT (id) DO NOTHING;
INSERT INTO compras (id, cliente_id, status_compra, valor_total, frete, data_compra, data_entrega_prevista, endereco_entrega_id) VALUES (2201, 1000, 'ENTREGUE', 10539.5, 13.04, '2026-06-03 12:54:00', '2026-06-13', 1000) ON CONFLICT (id) DO NOTHING;
INSERT INTO itens_compra (id, compra_id, produto_id, quantidade, preco_unitario) VALUES (5343, 2201, 1004, 3, 179.9) ON CONFLICT (id) DO NOTHING;
INSERT INTO itens_compra (id, compra_id, produto_id, quantidade, preco_unitario) VALUES (5344, 2201, 1000, 2, 4999.9) ON CONFLICT (id) DO NOTHING;
INSERT INTO pagamentos (id, compra_id, valor, forma_pagamento, data_pagamento) VALUES (6201, 2201, 10539.5, 'CARTAO_CREDITO', '2026-06-03 12:54:00') ON CONFLICT (id) DO NOTHING;
INSERT INTO compras (id, cliente_id, status_compra, valor_total, frete, data_compra, data_entrega_prevista, endereco_entrega_id) VALUES (2202, 1000, 'ENTREGUE', 359.8, 10.24, '2026-06-20 14:09:00', '2026-06-28', 1000) ON CONFLICT (id) DO NOTHING;
INSERT INTO itens_compra (id, compra_id, produto_id, quantidade, preco_unitario) VALUES (5345, 2202, 1004, 2, 179.9) ON CONFLICT (id) DO NOTHING;
INSERT INTO pagamentos (id, compra_id, valor, forma_pagamento, data_pagamento) VALUES (6202, 2202, 359.8, 'CARTAO_CREDITO', '2026-06-20 14:09:00') ON CONFLICT (id) DO NOTHING;
INSERT INTO compras (id, cliente_id, status_compra, valor_total, frete, data_compra, data_entrega_prevista, endereco_entrega_id) VALUES (2203, 1000, 'ENTREGUE', 1399.6, 10.5, '2026-06-24 15:02:00', '2026-06-28', 1000) ON CONFLICT (id) DO NOTHING;
INSERT INTO itens_compra (id, compra_id, produto_id, quantidade, preco_unitario) VALUES (5346, 2203, 1001, 4, 349.9) ON CONFLICT (id) DO NOTHING;
INSERT INTO pagamentos (id, compra_id, valor, forma_pagamento, data_pagamento) VALUES (6203, 2203, 1399.6, 'CARTAO_CREDITO', '2026-06-24 15:02:00') ON CONFLICT (id) DO NOTHING;
INSERT INTO compras (id, cliente_id, status_compra, valor_total, frete, data_compra, data_entrega_prevista, endereco_entrega_id) VALUES (2204, 1000, 'EM_TRANSITO', 1769.3, 10.74, '2026-06-20 12:48:00', '2026-06-28', 1000) ON CONFLICT (id) DO NOTHING;
INSERT INTO itens_compra (id, compra_id, produto_id, quantidade, preco_unitario) VALUES (5347, 2204, 1001, 3, 349.9) ON CONFLICT (id) DO NOTHING;
INSERT INTO itens_compra (id, compra_id, produto_id, quantidade, preco_unitario) VALUES (5348, 2204, 1004, 4, 179.9) ON CONFLICT (id) DO NOTHING;
INSERT INTO pagamentos (id, compra_id, valor, forma_pagamento, data_pagamento) VALUES (6204, 2204, 1769.3, 'CARTAO_CREDITO', '2026-06-20 12:48:00') ON CONFLICT (id) DO NOTHING;
INSERT INTO compras (id, cliente_id, status_compra, valor_total, frete, data_compra, data_entrega_prevista, endereco_entrega_id) VALUES (2205, 1000, 'APROVADA', 2579.0, 12.54, '2026-06-27 11:23:00', '2026-06-28', 1000) ON CONFLICT (id) DO NOTHING;
INSERT INTO itens_compra (id, compra_id, produto_id, quantidade, preco_unitario) VALUES (5349, 2205, 1003, 4, 289.9) ON CONFLICT (id) DO NOTHING;
INSERT INTO itens_compra (id, compra_id, produto_id, quantidade, preco_unitario) VALUES (5350, 2205, 1004, 4, 179.9) ON CONFLICT (id) DO NOTHING;
INSERT INTO itens_compra (id, compra_id, produto_id, quantidade, preco_unitario) VALUES (5351, 2205, 1001, 2, 349.9) ON CONFLICT (id) DO NOTHING;
INSERT INTO pagamentos (id, compra_id, valor, forma_pagamento, data_pagamento) VALUES (6205, 2205, 2579.0, 'CARTAO_CREDITO', '2026-06-27 11:23:00') ON CONFLICT (id) DO NOTHING;
INSERT INTO compras (id, cliente_id, status_compra, valor_total, frete, data_compra, data_entrega_prevista, endereco_entrega_id) VALUES (2206, 1000, 'ENTREGUE', 149.9, 10.16, '2026-06-27 11:51:00', '2026-06-28', 1000) ON CONFLICT (id) DO NOTHING;
INSERT INTO itens_compra (id, compra_id, produto_id, quantidade, preco_unitario) VALUES (5352, 2206, 1002, 1, 149.9) ON CONFLICT (id) DO NOTHING;
INSERT INTO pagamentos (id, compra_id, valor, forma_pagamento, data_pagamento) VALUES (6206, 2206, 149.9, 'CARTAO_CREDITO', '2026-06-27 11:51:00') ON CONFLICT (id) DO NOTHING;
INSERT INTO compras (id, cliente_id, status_compra, valor_total, frete, data_compra, data_entrega_prevista, endereco_entrega_id) VALUES (2207, 1000, 'ENTREGUE', 15179.6, 13.04, '2026-06-21 15:55:00', '2026-06-28', 1000) ON CONFLICT (id) DO NOTHING;
INSERT INTO itens_compra (id, compra_id, produto_id, quantidade, preco_unitario) VALUES (5353, 2207, 1000, 3, 4999.9) ON CONFLICT (id) DO NOTHING;
INSERT INTO itens_compra (id, compra_id, produto_id, quantidade, preco_unitario) VALUES (5354, 2207, 1004, 1, 179.9) ON CONFLICT (id) DO NOTHING;
INSERT INTO pagamentos (id, compra_id, valor, forma_pagamento, data_pagamento) VALUES (6207, 2207, 15179.6, 'CARTAO_CREDITO', '2026-06-21 15:55:00') ON CONFLICT (id) DO NOTHING;
INSERT INTO compras (id, cliente_id, status_compra, valor_total, frete, data_compra, data_entrega_prevista, endereco_entrega_id) VALUES (2208, 1000, 'ENTREGUE', 16859.1, 15.1, '2026-06-25 10:17:00', '2026-06-28', 1000) ON CONFLICT (id) DO NOTHING;
INSERT INTO itens_compra (id, compra_id, produto_id, quantidade, preco_unitario) VALUES (5355, 2208, 1001, 2, 349.9) ON CONFLICT (id) DO NOTHING;
INSERT INTO itens_compra (id, compra_id, produto_id, quantidade, preco_unitario) VALUES (5356, 2208, 1003, 4, 289.9) ON CONFLICT (id) DO NOTHING;
INSERT INTO itens_compra (id, compra_id, produto_id, quantidade, preco_unitario) VALUES (5357, 2208, 1000, 3, 4999.9) ON CONFLICT (id) DO NOTHING;
INSERT INTO pagamentos (id, compra_id, valor, forma_pagamento, data_pagamento) VALUES (6208, 2208, 16859.1, 'CARTAO_CREDITO', '2026-06-25 10:17:00') ON CONFLICT (id) DO NOTHING;
INSERT INTO compras (id, cliente_id, status_compra, valor_total, frete, data_compra, data_entrega_prevista, endereco_entrega_id) VALUES (2209, 1000, 'ENTREGUE', 1219.6, 12.3, '2026-06-01 14:03:00', '2026-06-11', 1000) ON CONFLICT (id) DO NOTHING;
INSERT INTO itens_compra (id, compra_id, produto_id, quantidade, preco_unitario) VALUES (5358, 2209, 1001, 1, 349.9) ON CONFLICT (id) DO NOTHING;
INSERT INTO itens_compra (id, compra_id, produto_id, quantidade, preco_unitario) VALUES (5359, 2209, 1003, 3, 289.9) ON CONFLICT (id) DO NOTHING;
INSERT INTO pagamentos (id, compra_id, valor, forma_pagamento, data_pagamento) VALUES (6209, 2209, 1219.6, 'CARTAO_CREDITO', '2026-06-01 14:03:00') ON CONFLICT (id) DO NOTHING;
INSERT INTO compras (id, cliente_id, status_compra, valor_total, frete, data_compra, data_entrega_prevista, endereco_entrega_id) VALUES (2210, 1000, 'ENTREGUE', 649.7, 10.66, '2026-06-08 08:20:00', '2026-06-18', 1000) ON CONFLICT (id) DO NOTHING;
INSERT INTO itens_compra (id, compra_id, produto_id, quantidade, preco_unitario) VALUES (5360, 2210, 1002, 2, 149.9) ON CONFLICT (id) DO NOTHING;
INSERT INTO itens_compra (id, compra_id, produto_id, quantidade, preco_unitario) VALUES (5361, 2210, 1001, 1, 349.9) ON CONFLICT (id) DO NOTHING;
INSERT INTO pagamentos (id, compra_id, valor, forma_pagamento, data_pagamento) VALUES (6210, 2210, 649.7, 'CARTAO_CREDITO', '2026-06-08 08:20:00') ON CONFLICT (id) DO NOTHING;
INSERT INTO compras (id, cliente_id, status_compra, valor_total, frete, data_compra, data_entrega_prevista, endereco_entrega_id) VALUES (2211, 1000, 'ENTREGUE', 469.8, 12.04, '2026-06-10 15:44:00', '2026-06-20', 1000) ON CONFLICT (id) DO NOTHING;
INSERT INTO itens_compra (id, compra_id, produto_id, quantidade, preco_unitario) VALUES (5362, 2211, 1003, 1, 289.9) ON CONFLICT (id) DO NOTHING;
INSERT INTO itens_compra (id, compra_id, produto_id, quantidade, preco_unitario) VALUES (5363, 2211, 1004, 1, 179.9) ON CONFLICT (id) DO NOTHING;
INSERT INTO pagamentos (id, compra_id, valor, forma_pagamento, data_pagamento) VALUES (6211, 2211, 469.8, 'CARTAO_CREDITO', '2026-06-10 15:44:00') ON CONFLICT (id) DO NOTHING;
INSERT INTO compras (id, cliente_id, status_compra, valor_total, frete, data_compra, data_entrega_prevista, endereco_entrega_id) VALUES (2212, 1000, 'ENTREGUE', 1049.6, 12.04, '2026-06-01 12:13:00', '2026-06-11', 1000) ON CONFLICT (id) DO NOTHING;
INSERT INTO itens_compra (id, compra_id, produto_id, quantidade, preco_unitario) VALUES (5364, 2212, 1004, 1, 179.9) ON CONFLICT (id) DO NOTHING;
INSERT INTO itens_compra (id, compra_id, produto_id, quantidade, preco_unitario) VALUES (5365, 2212, 1003, 3, 289.9) ON CONFLICT (id) DO NOTHING;
INSERT INTO pagamentos (id, compra_id, valor, forma_pagamento, data_pagamento) VALUES (6212, 2212, 1049.6, 'CARTAO_CREDITO', '2026-06-01 12:13:00') ON CONFLICT (id) DO NOTHING;
INSERT INTO compras (id, cliente_id, status_compra, valor_total, frete, data_compra, data_entrega_prevista, endereco_entrega_id) VALUES (2213, 1000, 'ENTREGUE', 719.6, 10.24, '2026-06-08 12:07:00', '2026-06-18', 1000) ON CONFLICT (id) DO NOTHING;
INSERT INTO itens_compra (id, compra_id, produto_id, quantidade, preco_unitario) VALUES (5366, 2213, 1004, 4, 179.9) ON CONFLICT (id) DO NOTHING;
INSERT INTO pagamentos (id, compra_id, valor, forma_pagamento, data_pagamento) VALUES (6213, 2213, 719.6, 'CARTAO_CREDITO', '2026-06-08 12:07:00') ON CONFLICT (id) DO NOTHING;
